Penjual,Kota Toko,Nama Produk,Harga Produk,Jumlah Terjual,Rating Produk
Militan Snack,Kab. Sidoarjo,Seblak Coet Instan Seblak Coet Rafael Viral Seblak Cobek Sambal Bawang,13000.0,22.0,0.0
tsr1997,Depok,seblak instan,4555.0,1000.0,4.9
Rasa Juara Indonesia,Bandung,SEBLAK JUARA INSTAN MASAK BASAH ASLI BANDUNG ENAK MANTAP,22000.0,750.0,4.9
Lidigeli,Kab. Garut,MASJAY Seblak Bumbu Membara Instant - No.1 Street Food Bandung,15000.0,70.0,5.0
Semesta kerupuk,Tangerang Selatan,Kerupuk mawar putih mentah 500gram / kerupuk ikan mentah /seblak viral,12000.0,60.0,5.0
the Dhecip,Tangerang Selatan,Seblak Instan Pedas Home Made,3500.0,1000.0,4.8
vieka mart official,Tangerang Selatan,Seblak ala Kang Rafael | Seblak Viral | Seblak Cobek,9216.0,250.0,5.0
Bumbukeluargakita,Jakarta Barat,Kerupuk Seblak Viral / Kerupuk Mawar Putih Viral Mentah 250gram,8000.0,12.0,5.0
Seblak Jeletet Murni,Jakarta Pusat,SEBLAK JELETET MURNI (AJAHH),26500.0,1000.0,4.9
Alanza Frozen Food,Tangerang Selatan,Kerupuk Mawar Bahan Seblak Babangi 250 Gram,7000.0,17.0,5.0
aurel prima snack,Jakarta Barat,KERUPUK SEBLAK KENCUR BERAT 250 gram,11500.0,100.0,4.9
BociKakang,Jakarta Selatan,KERUPUK SEBLAK MENTAH 1KG WARNA WARNI,23500.0,100.0,5.0
Aliya28,Tangerang Selatan,Seblak/Cuanki/Baso aci/Batagor kuah (instan) 1porsi. toping lengkap,7500.0,100.0,5.0
NomeL Shop,Surabaya,BASO ACI HOMEMADE boci isi12 bakso aci termurah baso aci fresh seblak,4990.0,1000.0,4.7
GK_Snack,Kab. Bandung,KERUPUK MENTAH SERBA 5000 BAHAN SEBLAK,6000.0,500.0,5.0
Rav Jaya Display,Kab. Tangerang,SEBLAK INSTAN MOMMY,13500.0,1000.0,4.8
Kyta Bae,Kab. Sumedang,TERMURAH KERUPUK KRUPUK KERITING MAWAR PUTIH MENTAH SEBLAK RAFAEL,5850.0,30.0,0.0
TOKO SNACK JAKARTA HENDI,Jakarta Selatan,KERUPUK / KRUPUK SEBLAK RAFAEL RENYAH / GURIH / CRISPY / KRISPY  - 1 KG,6000.0,0.0,0.0
toko bemo,Jakarta Timur,Kerupuk Seblak Pedas Krupuk Pelangi Pedas Seblak 200gram,15500.0,250.0,4.9
Djuragan Kerupuk,Surabaya,Termurah Kerupuk Mentah-Kerupuk Seblak-Kerupuk Puli,6000.0,40.0,5.0
hikmah berkah jaya,Jakarta Barat,seblak instant sajodo snak,19000.0,750.0,4.8
RIKI STORE 97,Kab. Bogor,Seblak pedas kerupuk pedas kiloan 1 kg,34000.0,70.0,4.8
jajanangarut19,Jakarta Selatan,KERUPUK SEBLAK MENTAH ANEKA WARNA,11500.0,100.0,4.9
emmoshop,Kab. Bogor,Mommy Seblak Basah Instant 100gr,10000.0,2000.0,4.9
babykhai,Jakarta Timur,seblak rafael / seblak coet / seblak cocol,7500.0,100.0,4.9
Seblak Jeletet Murni,Jakarta Pusat,SEBLAK JELETET MURNI ( BOHAYY),34000.0,750.0,4.8
TokokelontongSejahtera,Jakarta Barat,KERUPUK SEBLAK VIRAL RAFAEL (MENTAH) 250GR,17500.0,28.0,5.0
Pusat Cuankie & Cemilan Frozen,Jakarta Timur,SEBLAK INSTANT TERMURAH,3999.0,10000.0,4.8
ajs(ale jaya snack),Jakarta Utara,KERUPUK jablay bantet/SEBLAK MINI PEDAS 250gram,13000.0,80.0,4.9
BociKakang,Jakarta Selatan,KERUPUK SEBLAK PEDAS DAUN JERUK 100 GR,4500.0,250.0,4.8
Golden Cakery,Jakarta Pusat,KERUPUK KRUPUK SEBLAK SEBRING PEDAS TERLARIS PER 500 GRAM,42275.0,60.0,4.9
Kylafood Jakarta,Jakarta Selatan,Kylafood Seblak Rempah Autentik,9500.0,2.0,5.0
Rak Sebelah,Jakarta Pusat,Bundle - Basranger Seblak | Baso Aci Extra Pedas | Tulang Rangu,56300.0,100.0,4.9
Juragan Kerupuk SBY,Surabaya,SEBLAK VIRAL!! Kerupuk seblak mawar mentah AMBARUKMA 400gram,19000.0,3.0,5.0
Djuragan Kerupuk,Surabaya,Kerupuk Mawar Tipis Merk Singa Kerupuk Seblak Kerupuk Mentah,29000.0,0.0,0.0
Rak Sebelah,Jakarta Pusat,Seblak Basranger Extra Pedas 200gr,17300.0,250.0,4.9
ajs(ale jaya snack),Jakarta Utara,KERUPUK SEBLAK MINI KENCUR JABLAY BANTET PEDAS 500GRAM KILOAN,21000.0,12.0,5.0
toko bemo,Jakarta Timur,Kerupuk Seblak Pedas Krupuk Pelangi Pedas Seblak 200gram,15500.0,250.0,4.9
Semesta kerupuk,Tangerang Selatan,Kerupuk mawar putih mentah 500gram / kerupuk ikan mentah /seblak viral,12000.0,60.0,5.0
Makanan Tradisi Id,Jakarta Pusat,Kerupuk Seblak Mentah/ Krupuk Seblak Viral/ Kerupuk Mawar 5kg,112000.0,11.0,5.0
Seblak Jeletet Murni,Jakarta Pusat,SEBLAK JELETET MURNI (AJAHH),26500.0,1000.0,4.9
Rak Sebelah,Jakarta Pusat,Seblak Basranger Extra Pedas 200gr,17300.0,250.0,4.9
Seblak Jeletet Murni,Jakarta Pusat,SEBLAK JELETET MURNI (SEXXY),40000.0,250.0,4.9
Seblak Jeletet Murni,Jakarta Pusat,SEBLAK JELETET MURNI (UNYUU),26500.0,250.0,4.8
Seblak Jeletet Murni,Jakarta Pusat,SEBLAK JELETET MURNI ( BOHAYY),34000.0,750.0,4.8
Rak Sebelah,Jakarta Pusat,Bundle - Basranger Seblak | Baso Aci Extra Pedas | Tulang Rangu,56300.0,100.0,4.9
Rak Sebelah,Jakarta Pusat,Bundle 3pcs - Seblak Basranger Extra Pedas 200gr Makanan Instan,51900.0,40.0,4.8
Dilla frozen,Jakarta Pusat,seblak instan ksn,12000.0,3.0,5.0
Snackzone PP,Jakarta Pusat,Baso urat djuara sami raos/Baso Aci Urat /Seblak,25000.0,7.0,5.0
Rak Sebelah,Jakarta Pusat,Bundle - Basranger Seblak | Baso Aci Extra Pedas | Tulang Rangu,56300.0,100.0,4.9
RIKI STORE 97,Kab. Bogor,kerupuk seblak pedas daun jeruk,4500.0,100.0,4.7
Toko kue Sumber Mas,Jakarta Timur,KERUPUK JABLAY BANTET SEBLAK PELANGI,15999.0,500.0,4.9
Bumbukeluargakita,Jakarta Barat,Kerupuk Seblak viral /Kerupuk Mawar Mentah 500gram,15000.0,8.0,4.0
global cookware1,Jakarta Barat,11 BUNGKUS SEBLAK MAMANG PAKET RESELLER,42000.0,16.0,5.0
cemilanceuromlah,Bandung,kerupuk seblak cocol mentah viral mawar 100gram,5000.0,100.0,4.9
Golden Cakery,Jakarta Pusat,KERUPUK KRUPUK SEBLAK JABLAY PELANGI PEDAS TERLARIS PER 250GRAM,12740.0,500.0,4.9
SeblakYoi,Bekasi,Seblak instan yoi enak dan kenyang,7500.0,250.0,4.9
snack_it,Tangerang Selatan,seblak ceker pedas,8950.0,250.0,4.9
home_nature,Kab. Tangerang,Kerupuk seblak orens / kerupuk sari laut orange mentah,12200.0,50.0,4.9
Aydaa Snack,Surakarta,SEBRING KRUPUK KERUPUK SEBLAK KERING PEDAS DAUN JERUK 1KG CABE ASLI,16000.0,40.0,4.9
oke snack,Jakarta Selatan,seblak kencur / okesnack,10000.0,750.0,4.9
Seblak Jeletet Murni,Jakarta Pusat,SEBLAK JELETET MURNI (SEXXY),40000.0,250.0,4.9
DEVAN MUKENAH DEWASA,Jakarta Selatan,Seblak Instan 250gr Bumbu Komplit JSR Snack,11900.0,100.0,4.9
Sahabatdapur1,Tangerang,Kerupuk Orange / Kerupuk Seblak 250gr / Kerupuk Mentah - Sahabatdapur,7500.0,16.0,5.0
Iguazabest777,Kab. Tangerang,KERUPUK SEBLAK SAMBAL KRUPUK KERITING KECIL Mentah Krupuk,7900.0,30.0,5.0
Toko NRV Plastik dan Bahan Kue,Bandung,Kerupuk Aci Mawar | Kerupuk Mawar Putih | Seblak Rafael Viral | 250gr,7999.0,100.0,5.0
Nyemil Saji Jaktim,Jakarta Timur,SEBLAK INSTAN SIAP SAJI TERENAK TERMURAH by nyemil.saji,15999.0,100.0,4.7
Baso Aci Ayang,Kab. Garut,Seblak Instan Komplit Pedas Gurih Nikmat,5999.0,2000.0,4.9
arzy sembako,Kab. Bogor,kerupuk seblak rafael 500gram,13800.0,30.0,5.0
Alanza Frozen Food,Tangerang Selatan,Kerupuk Mawar Bahan Seblak Babangi 1 Kg,24000.0,10.0,5.0
global cookware1,Jakarta Barat,SEBLAK INSTAN MAMANG TERMURAH,4200.0,80.0,5.0
KRIUK JAYA,Jakarta Barat,Kerupuk SEBLAK KERITING PEDAS,20000.0,100.0,4.9
kylafood,Bandung,Kylafood Seblak Rempah Autentik isi (5pcs),44550.0,100.0,4.5
Pedas Gilaa,Surabaya,Kerupuk Mentah 250gr Seblak Mentah,6200.0,100.0,4.9
makanyukbekasi,Bekasi,SEBLAK TULANG RANGU NYAIMERCON,21145.0,30.0,5.0
Golden Cakery,Jakarta Pusat,KERUPUK KRUPUK SEBLAK JABLAY PELANGI,9800.0,250.0,4.9
Raabihah_kerupukgrosir,Bandung,KERUPUK MAWAR PUTIH MENTAH ISI 1KG / KERUPUK VIRAL SEBLAK COBEK,26000.0,30.0,4.9
SWEETSO,Tangerang,CUANKIE INSTANT 12pcs / BASO ACI / SEBLAK,45600.0,7.0,5.0
KEDAI SAYUR KU,Tangerang Selatan,Kerupuk Rafael/kerupuk seblak viral/kerupuk mawar 1kg,30000.0,28.0,4.8
sinergi snack,Depok,SEBLAK KERUPUK SIKAYA,11000.0,100.0,5.0
Gerai Snack Official Shop,Kab. Tangerang,Seblak Mommy,13500.0,2000.0,4.6
Taufik Bumbu Giling,Jakarta Selatan,kerupuk bubur/ seblak / gado- gado/ ketoprak 500gr,18000.0,100.0,4.9
Agen Snack Murah,Jakarta Barat,Seblak Kencur 250gr/Kerupuk Seblak Rasa Kencur/Snack Cemilan,11600.0,100.0,5.0
The Little Snacks,Tangerang Selatan,Seblak Putih Pedas / Kerupuk Bawang Pedas Odjolali Oleh Oleh Bsndung,9000.0,1000.0,4.9
Rasa Juara Indonesia,Bandung,Seblak Juara ! Seblak Instan Rasa Original,115000.0,2000.0,4.9
lisdhacollection,Kab. Garut,Seblak Komplit⠀⠀,5500.0,1000.0,4.8
Welly Mart,Tangerang Selatan,"Seblak Instant ""mBak'Well""",15000.0,100.0,5.0
LarisManis shopp,Kab. Bandung,Paket Seblak Komplit Instan Pedas Gurih Cobek Kerupuk Mawar Viral,15000.0,0.0,0.0
Official Kartika Sari,Bandung,Mie Seblak Geprek Sami Raos,27500.0,60.0,4.9
the Dhecip,Tangerang Selatan,Seblak Instan Pedas Home Made,3500.0,1000.0,4.8
hikmah berkah jaya,Jakarta Barat,seblak instant sajodo snak,19000.0,750.0,4.8
emmoshop,Kab. Bogor,Mommy Seblak Basah Instant 100gr,10000.0,2000.0,4.9
Pusat Cuankie & Cemilan Frozen,Jakarta Timur,SEBLAK INSTANT TERMURAH,3999.0,10000.0,4.8
Berkahrr,Bekasi,seblak mamang Rafael versi kering,12000.0,10.0,0.0
Anggris store,Kab. Bogor,Kerupuk Seblak / Seblak / Kering Pedas /,10000.0,40.0,4.8
Agen Snack Murah,Jakarta Barat,KRUPUK JABLAY PEDAS 500Gram/KRUPUK SEBLAK/SEBLAK KERING/SNACK KILOAN,22999.0,40.0,4.9
BociKakang,Jakarta Selatan,SEBLAK KERING PEDAS DAUN JERUK,4500.0,500.0,4.6
yumnaa snack,Kab. Bekasi,kerupuk seblak kencur / kerupuk seblak kering - 250gram,12000.0,30.0,4.9
the Dhecip,Tangerang Selatan,Seblak Instan Pedas Home Made,3500.0,1000.0,4.8
hikmah berkah jaya,Jakarta Barat,seblak instant sajodo snak,19000.0,750.0,4.8
emmoshop,Kab. Bogor,Mommy Seblak Basah Instant 100gr,10000.0,2000.0,4.9
Pusat Cuankie & Cemilan Frozen,Jakarta Timur,SEBLAK INSTANT TERMURAH,3999.0,10000.0,4.8
Aliya28,Tangerang Selatan,Seblak/Cuanki/Baso aci/Batagor kuah (instan) 1porsi. toping lengkap,7500.0,100.0,5.0
vieka mart official,Tangerang Selatan,Seblak ala Kang Rafael | Seblak Viral | Seblak Cobek,9216.0,250.0,5.0
TokokelontongSejahtera,Jakarta Barat,KERUPUK SEBLAK VIRAL RAFAEL (MENTAH) 250GR,17500.0,28.0,5.0
arzy sembako,Kab. Bogor,kerupuk seblak rafael 500gram,13800.0,30.0,5.0
Toko NRV Plastik dan Bahan Kue,Bandung,Kerupuk Aci Mawar | Kerupuk Mawar Putih | Seblak Rafael Viral | 250gr,7999.0,100.0,5.0
babykhai,Jakarta Timur,seblak rafael / seblak coet / seblak cocol,7500.0,100.0,4.9
the Dhecip,Tangerang Selatan,Seblak Instan Pedas Home Made,3500.0,1000.0,4.8
Baso Aci Ayang,Kab. Garut,Seblak Instan Komplit Pedas Gurih Nikmat,5999.0,2000.0,4.9
BociKakang,Jakarta Selatan,SEBLAK KERING PEDAS DAUN JERUK,4500.0,500.0,4.6
Aydaa Snack,Surakarta,SEBRING KRUPUK KERUPUK SEBLAK KERING PEDAS DAUN JERUK 1KG CABE ASLI,16000.0,40.0,4.9
RIKI STORE 97,Kab. Bogor,Seblak pedas kerupuk pedas kiloan 1 kg,34000.0,70.0,4.8
Snackzone PP,Jakarta Pusat,Keripik Seblak Pedas Putih,18000.0,30.0,5.0
kylafood,Bandung,"Kylafood Paket ( Seblak Original, Batagor, Cireng Rujak, Boci Goang)",67340.0,500.0,4.9
DEEVANA_CAHAYA,Bekasi,KERUPUK SEBLAK PEDAS GURIH MANTUL,5200.0,0.0,0.0
Welly Mart,Tangerang Selatan,"[OYI] Seblak Instant ""mBak'Well"" Rasa Mantap Bikin Nagih",15000.0,2.0,0.0
Rempah Bu Risma,Kab. Bekasi,KERUPUK MENTAH BULAT PUTIH KERUPUK IKAN KERUPUK SEBLAK 1 KG,9000.0,19.0,5.0
Pempek Emak Indah,Jakarta Barat,SEBLAK INSTANT HALU - SEBLAK MIE HALU - EMAK INDAH FOOD,19999.0,250.0,4.7
omiyago,Jakarta Barat,Omiyago Snack Kerupuk Seblak,4000.0,24.0,4.8
Ss_Frozenfood,Jakarta Timur,SEBLAK BAPPER INSTAN EXTRA HOT,15900.0,100.0,4.9
RIKI STORE 97,Kab. Bogor,SABRING KERUPUK SEBLAK PEDAS,3000.0,30.0,5.0
Tukangsayurmbakyu,Tangerang Selatan,kerupuk bawang orange - kerupuk seblak 250gr,7500.0,100.0,4.9
FIRMAN TEGAR ADI GUNA,Kab. Bandung,Seblak Kering Kurupuk Extra Pedas 1Kg Super Renyah&Gurih Asli Bandung ,5000.0,6.0,4.7
bawang putih tjap harian,Bandung,Paket Seblak Tjap Harian,10500.0,250.0,4.9
gaiagarut,Kab. Garut,Siomay Cuanki Kering Isi 25pcs Toping Seblak dan Baso Aci Garut,7599.0,100.0,4.9
gaiagarut,Kab. Garut,siomay mini GURILEM EKONOMIS 50gram Toping Baso Aci Cuanki Seblak,1710.0,6.0,4.5
AUFARO SNACK,Kab. Bandung Barat,seblak instant komplit bumbu cikruh bandung aufaro snack,6400.0,250.0,4.9
lahawelah,Kab. Garut,GURILEM MINI isi 100gr Siomay Kering Toping Baso Aci Cuanki Seblak,3959.0,50.0,5.0
RN FROZEN FOOD,Jakarta Selatan,Seblak Instan,10500.0,50.0,4.9
Kenangan Garut,Kab. Garut,Cuanki/siomay kering-topping baso aci-seblak 200gr,10000.0,750.0,5.0
gaiagarut,Kab. Garut,GURILEM MINI isi 250gr Siomay Kering Toping Baso Aci Cuanki Seblak,7819.0,250.0,4.9
lahawelah,Kab. Garut,GURILEM MINI isi 250gr Siomay Kering Toping Baso Aci Cuanki Seblak,7819.0,100.0,4.9
CIPTA-RASA.,Bandung,kerupuk mawar putih kerupuk seblak,6250.0,40.0,4.7
Semesta kerupuk,Tangerang Selatan,Kerupuk mawar putih 1kg / kerupuk ikan/kerupuk seblak viral,23000.0,28.0,4.9
KRIUK JAYA,Jakarta Barat,KERUPUK SEBLAK Aneka Warna PEDAS ... HOT,14000.0,100.0,4.7
SuperSnacksShop,Kab. Bandung,KERUPUK / KERUPUK MENTAH / KERUPUK SEBLAK MENTAH / KRUPUK BWG 200gr,5000.0,1000.0,4.9
Golden Cakery,Jakarta Pusat,KERUPUK KRUPUK SEBLAK SEBRING PEDAS TERLARIS PER 250 GRAM,22500.0,100.0,4.8
oke snack,Jakarta Selatan,seblak kencur / okesnack,10000.0,750.0,4.9
Tsaadam Lego Home,Kab. Bandung,"Terlaris, SEBRING / Seblak Kering Bumbu Kacang Khas Bandung",80000.0,0.0,0.0
Golden Cakery,Jakarta Pusat,KERUPUK SEBLAK SEBRING PEDAS,9800.0,250.0,4.9
Official Kartika Sari,Bandung,Seblak Instan Sehati,13000.0,500.0,5.0
Retno Snack,Kab. Sidoarjo,Kerupuk Seblak Kencur Pedas Gurih Kering Renyah Enak 250 Gr,11400.0,0.0,0.0
CAMILLANS,Jakarta Selatan,kerupuk seblak pedas / kerupuk jablay,15000.0,12.0,4.8
Foodstocks,Jakarta Selatan,Seblak Hot Spicy By Bapper Food / Seblak Instant Khas Bandung,16800.0,40.0,5.0
DUO BOCIL SNACK,Depok,Kerupuk Seblak Pedas Gurih aroma Kencur,15000.0,1000.0,4.7
global cookware1,Jakarta Barat,"CUANKI TAHU TOPING BASO ACI, SEBLAK, MIE INSTAN ENAK GURIH",17999.0,750.0,4.8
snackbox88,Bekasi,"baso aci boci instan maci eco ayam, keju, seblak",8999.0,100.0,5.0
kylafood,Bandung,"Kylafood Paket ( Seblak Original, Batagor, Cireng Rujak, Boci Goang)",67340.0,500.0,4.9
RIKI STORE 97,Kab. Bogor,kerupuk seblak kencur pedas gurih,5000.0,40.0,4.6
Golden Cakery,Jakarta Pusat,KERUPUK SEBLAK SEBRING PEDAS,9800.0,250.0,4.9
tokomakanankalimantan,Jakarta Barat,seblak instan jeletot jajanan hits bandung 1 porsi,4180.0,1000.0,4.8
tsr1997,Depok,seblak instan,4555.0,1000.0,4.9
FAG COLLECTION,Surabaya,Seblak Cocol Seblak Coet Seblak Viral Seblak Bumbu Basah Seblak rafael,5000.0,0.0,0.0
Distributor Topping Baso Aci,Bandung,Kerupuk Putih Ori 5 Kg (BALL) Kerupuk Seblak / Kerupuk Mentah / Ker,75000.0,0.0,0.0
kira3arut,Kab. Garut,cuanki lidah asli garut isi 150 pcs,31000.0,8000.0,4.9
Semesta kerupuk,Tangerang Selatan,Kerupuk mawar putih 1kg / kerupuk ikan/kerupuk seblak viral,23000.0,28.0,4.9
Berkah Food Bandung,Cimahi,Seblak Instan Kenyang Murah Asli Bandung Reseller Tanpa Pengawet,6173.0,6000.0,4.9
G Cakery,Jakarta Pusat,KERUPUK JABLAY SEBLAK PELANGI 250 GRAM,13580.0,100.0,4.9
Rak Sebelah,Jakarta Pusat,Bundle 3pcs - Seblak Basranger Extra Pedas 200gr Makanan Instan,51900.0,40.0,4.8
Golden Cakery,Jakarta Pusat,KERUPUK KRUPUK SEBLAK SEBRING PEDAS TERLARIS PER 500 GRAM,42275.0,60.0,4.9
Markas Makaroni,Kab. Bekasi,krupuk seblak hah pedas gurih 200gr,10000.0,1000.0,4.8
Toko kue Sumber Mas,Jakarta Timur,KERUPUK/KRUPUK SEBLAK RASA PEDAS TERLARIS ISI 250 GRAM NETT,16695.0,250.0,4.9
Kenal Jaya Bandung,Bandung,Agen Seblak Mommy,9750.0,3000.0,4.9
Pedas Gilaa,Surabaya,Seblak Bapper,13999.0,250.0,4.9
Berkahrr,Bekasi,seblak mamang Rafael versi kering,12000.0,10.0,0.0
Pedas Gilaa,Surabaya,Seblak Instant Homemade Lengkap Bumbu,5000.0,2000.0,4.8
Golden Cakery,Jakarta Pusat,KERUPUK SEBLAK JABLAY PELANGI 1KG,45600.0,27.0,5.0
global cookware1,Jakarta Barat,"CUANKI TAHU TOPING BASO ACI, SEBLAK, MIE, ENAK DAN GURIH",18500.0,60.0,4.9
Nyonya Sayur,Jakarta Pusat,Kerupuk Merah/Kerupuk Seblak Mentah,7000.0,100.0,5.0
SanKrip,Jakarta Pusat,Sankrip Kerupuk Krupuk Jablay Seblak Mekar Bantet Pedas 250gr,27000.0,8.0,5.0
CemilanPuas,Medan,[READY MEDAN] Kerupuk Bawang Bantet Seblak Pedas Jeruk Murah 100grm,8000.0,250.0,4.9
SEBLAK MANTUL,Kab. Bandung,"seblak kerupuk kering,pedo,krupuk mawar,pedas daun jeruk,kerupuk gelun",5000.0,70.0,5.0
FARADHIFY STORE,Bekasi,SEBLAK VIRAL - SEBLAK INSTANT - SEBLAK RAFAEL - SEBLAK MAMANG RAFAEL,8880.0,100.0,4.8
Pempek Emak Indah,Jakarta Barat,BASO ACI INSTANT x SEBLAK INSTANT - HALU! EMAK INDAH FOOD,44600.0,40.0,4.9
GM_Frozenfood,Jakarta Timur,SEBLAK BAPPER - SEBLAK INSTAN,15900.0,250.0,4.8
Golden Cakery,Jakarta Pusat,Kerupuk Seblak BANTET Pedas /Seblak Pelangi ,15300.0,50.0,4.9
Distributor Cuanki dan Seblak,Kab. Bekasi,Cuanki Lidah 50 pcs topingan seblak baso Aci bakso cuanki,13500.0,250.0,4.8
Agen Snack Murah,Jakarta Barat,KRUPUK JABLAY PEDAS 500Gram/KRUPUK SEBLAK/SEBLAK KERING/SNACK KILOAN,22999.0,40.0,4.9
ArfaOnlineShop,Tangerang,kerupuk mix 250 gram campuran seblak,7399.0,60.0,5.0
NomeL Shop,Surabaya,MAKARONI bantet 70gr krupuk SEBLAK krupuk UDANG KERUPUK BANTET,2600.0,250.0,5.0
sembakocitra,Tangerang,Kerupuk Seblak/Ikan/Sari Udang/Merah - MENTAH,25000.0,20.0,5.0
yohangunawan94,Bandung,Kerupuk Merah Seblak 250gr BANDUNG,3938.0,750.0,5.0
Aishakira online,Jakarta Timur,Seblak Instan Enak dan Murah,11000.0,50.0,4.9
JS TOKO ONLINE,Jakarta Barat,Kerupuk Mentah / Kerupuk Seblak / Bawang Putih Goreng,7200.0,100.0,5.0
oke snack,Jakarta Selatan,Kerupuk Seblak Jeruk,14000.0,100.0,4.9
G Cakery,Jakarta Pusat,KERUPUK KRUPUK SEBLAK JABLAY KRUPUK PELANGI 170 GRAM,9500.0,80.0,4.9
CemilanPuas,Medan,[READY MEDAN] Extra Topping Baso Aci Cuanki Seblak - Tahu Siomay Mini,4000.0,250.0,4.5
tsr1997,Depok,Sebring seblak kering,4444.0,100.0,4.8
The Busrank Snack,Palembang,SEBLAK INSTAN LENGKAP TERMURAH 75gr,4450.0,14.0,5.0
Pelangi Girls Naget 2,Depok,seblak instan KSN frozen,10400.0,100.0,5.0
SNACK JAKARTA 411,Jakarta Barat,Kerupuk Seblak,8000.0,250.0,5.0
Pempek Emak Indah,Jakarta Barat,COMBO HALU! 2PC SEBLAK MIE HALU - EMAK INDAH FOOD,39600.0,50.0,5.0
TAM SNACK,Depok,Kerupuk Seblak Pedas Gurih Kencur 250 Gram - Tam Snack,14000.0,100.0,4.8
Bunda alifba,Jakarta Barat,Krupuk seblak//Krupuk Bantet 250gr,6000.0,30.0,4.7
RIKI STORE 97,Kab. Bogor,Kerupuk seblak 100 gram Pedas gurih,7000.0,6.0,5.0
TOBELO SHOP,Tangerang,SEBLAK GEPREK SAMIRAOS / SEBLAK MIE / SEBLAK SOUN / SEBLAK INSTAN,17850.0,100.0,4.8
camilaNung,Bekasi,snack kiloan kerupuk seblak pedas nagih 250 gram free bubble warp,16000.0,500.0,4.8
kylafood,Bandung,Seblak Karuhun k.y.l Kylafood,10125.0,4000.0,4.8
ANV_SNACK,Surabaya,Krupuk seblak kencur 250 gr,68000.0,1.0,0.0
Golden Cakery,Jakarta Pusat,KERUPUK SEBLAK SEBRING PEDAS KILOAN - 1 kg,84550.0,16.0,5.0
gaiagarut,Kab. Garut,Tahu Kering Keriting PREMIUM isi 50 untuk Toping Baso Aci Seblak Mie,16799.0,100.0,4.9
Lakoca Official Shop,Cimahi,Paket Isi 6 Cuanki Instan Lakoca | Batagor Instan | Seblak Basah GFS,93840.0,100.0,4.8
the Dhecip,Tangerang Selatan,Seblak Instan Pedas Home Made,3500.0,1000.0,4.8
hikmah berkah jaya,Jakarta Barat,seblak instant sajodo snak,19000.0,750.0,4.8
emmoshop,Kab. Bogor,Mommy Seblak Basah Instant 100gr,10000.0,2000.0,4.9
Pusat Cuankie & Cemilan Frozen,Jakarta Timur,SEBLAK INSTANT TERMURAH,3999.0,10000.0,4.8
Berkahrr,Bekasi,seblak mamang Rafael versi kering,12000.0,10.0,0.0
Anggris store,Kab. Bogor,Kerupuk Seblak / Seblak / Kering Pedas /,10000.0,40.0,4.8
Agen Snack Murah,Jakarta Barat,KRUPUK JABLAY PEDAS 500Gram/KRUPUK SEBLAK/SEBLAK KERING/SNACK KILOAN,22999.0,40.0,4.9
BociKakang,Jakarta Selatan,SEBLAK KERING PEDAS DAUN JERUK,4500.0,500.0,4.6
yumnaa snack,Kab. Bekasi,kerupuk seblak kencur / kerupuk seblak kering - 250gram,12000.0,30.0,4.9
the Dhecip,Tangerang Selatan,Seblak Instan Pedas Home Made,3500.0,1000.0,4.8
hikmah berkah jaya,Jakarta Barat,seblak instant sajodo snak,19000.0,750.0,4.8
emmoshop,Kab. Bogor,Mommy Seblak Basah Instant 100gr,10000.0,2000.0,4.9
Pusat Cuankie & Cemilan Frozen,Jakarta Timur,SEBLAK INSTANT TERMURAH,3999.0,10000.0,4.8
Aliya28,Tangerang Selatan,Seblak/Cuanki/Baso aci/Batagor kuah (instan) 1porsi. toping lengkap,7500.0,100.0,5.0
vieka mart official,Tangerang Selatan,Seblak ala Kang Rafael | Seblak Viral | Seblak Cobek,9216.0,250.0,5.0
TokokelontongSejahtera,Jakarta Barat,KERUPUK SEBLAK VIRAL RAFAEL (MENTAH) 250GR,17500.0,28.0,5.0
arzy sembako,Kab. Bogor,kerupuk seblak rafael 500gram,13800.0,30.0,5.0
Toko NRV Plastik dan Bahan Kue,Bandung,Kerupuk Aci Mawar | Kerupuk Mawar Putih | Seblak Rafael Viral | 250gr,7999.0,100.0,5.0
babykhai,Jakarta Timur,seblak rafael / seblak coet / seblak cocol,7500.0,100.0,4.9
the Dhecip,Tangerang Selatan,Seblak Instan Pedas Home Made,3500.0,1000.0,4.8
Baso Aci Ayang,Kab. Garut,Seblak Instan Komplit Pedas Gurih Nikmat,5999.0,2000.0,4.9
BociKakang,Jakarta Selatan,SEBLAK KERING PEDAS DAUN JERUK,4500.0,500.0,4.6
Aydaa Snack,Surakarta,SEBRING KRUPUK KERUPUK SEBLAK KERING PEDAS DAUN JERUK 1KG CABE ASLI,16000.0,40.0,4.9
RIKI STORE 97,Kab. Bogor,Seblak pedas kerupuk pedas kiloan 1 kg,34000.0,70.0,4.8
ANV_SNACK,Surabaya,Krupuk seblak kencur 250 gr,68000.0,1.0,0.0
Golden Cakery,Jakarta Pusat,KERUPUK SEBLAK SEBRING PEDAS KILOAN - 1 kg,84550.0,16.0,5.0
gaiagarut,Kab. Garut,Tahu Kering Keriting PREMIUM isi 50 untuk Toping Baso Aci Seblak Mie,16799.0,100.0,4.9
CuankiCulametan,Kab. Garut,cuanki tahu geprek isi 50 murah toping seblak baso aci,19000.0,50.0,4.7
Rak Sebelah,Jakarta Pusat,Bundle 3pcs - Seblak Basranger Extra Pedas 200gr Makanan Instan,51900.0,40.0,4.8
Pedas Gilaa,Surabaya,GURILEM MINI 1KG Siomay Kering Toping Baso Aci Cuanki Seblak,29999.0,500.0,4.9
The Little Snacks,Tangerang Selatan,Seblak Merah Pedas / Kerupuk Bawang Oleh Oleh Bandung Odjolali,9000.0,500.0,4.9
Fortuneolshop888,Kab. Bogor,Mommy Seblak Basah Instan 100gr,9750.0,250.0,4.9
yumnaa snack,Kab. Bekasi,krupuk stik seblak pedas-200gram,11950.0,19.0,5.0
Seblak carla,Tangerang,Seblak Instant Carla With Batagor dan Siomay Jajanan khas Bandung,122500.0,750.0,5.0
BociKakang,Jakarta Selatan,SEBLAK KERING PEDAS DAUN JERUK,4500.0,500.0,4.6
Pedas Gilaa,Surabaya,Pilus Cikur 1Kg Khas Garut Topping Baso Aci / Seblak,33000.0,250.0,4.9
BaroqahSnack,Jakarta Barat,Kerupuk Kribo /Seblak Mawar Khas Daun Jeruk,11500.0,40.0,5.0
Pusat Cuankie & Cemilan Frozen,Jakarta Timur,Pilus Cikur Topping Baso Aci / Seblak,11500.0,250.0,4.8
Eagar Wangsa,Jakarta Utara,100gr Kerupuk Bawang Tersanjung Bintang Bunga Krupuk Mentah seblak,4400.0,250.0,4.8
Ekosistem Halal,Depok,kerupuk bawang spesial seblak nasi uduk 1/2kg 500gr grosir murah,9866.0,29.0,4.9
Welly Mart,Tangerang Selatan,Seblak Pedas mBakWell Rasanya Mantap Bikin Nagih,15000.0,0.0,0.0
a grow exia (store),Kab. Bantul,SamiRaos Baso Aci Geprek Tulang Rangu Seblak Baso Urat Yamin Noodle,18950.0,17.0,5.0
Saung Market Official,Kab. Bandung Barat,BASO ACI | BATAGOR | SEBLAK Lembang | Cemilan | Snack | Jajanan Pedas - Baso Aci,24500.0,60.0,5.0
Bung Boe Snack,Kab. Sumedang,Seblak / Seblak Kering / Kerupuk Seblak Kering Pedas,15000.0,40.0,5.0
aghniya,Tangerang Selatan,Cuanki lidah standar 150 pcs khas garut untuk baso aci & Seblak K'rasa,39999.0,500.0,4.9
Madinah Oleh Oleh Bdg,Bandung,SEBLAK BANTAT PEDES DAUN JERUK 250GR,18000.0,100.0,4.9
Pusat Cuankie & Cemilan Frozen,Jakarta Timur,Bumbu Penyedap Baso Aci / Seblak,14500.0,100.0,4.9
G Cakery,Jakarta Pusat,KERUPUK SEBLAK SEBRING PEDAS - 125 GR,11400.0,80.0,4.9
yohangunawan94,Bandung,Kerupuk RANTAI 250gr SEBLAK Warna Warni,4987.0,500.0,5.0
RIKI STORE 97,Kab. Bogor,kerupuk seblak kering enak gurih,5000.0,250.0,4.8
ArfaOnlineShop,Tangerang,cuanki/cuankie lidah 50 pcs khas Garut topping baso Aci/seblak/boci,16999.0,100.0,4.9
ANUM SARI,Tangerang Selatan,Kerupuk Seblak Kencur Pedas Gurih - Anum Sari,14000.0,30.0,4.9
Dapur Tahera,Bandung,Seblak Rafael Instan Kerupuk Mawar Babangi,6000.0,16.0,5.0
TTH-grocerystore,Bandung,KERUPUK SEBLAK VIRAL RAFAEL BUNGA PUTIH 500 GR,14500.0,24.0,5.0
AHR Jaya Snack,Jakarta Timur,KERUPUK KRIWIL PEDAS 1kg / KRUPUK SEMBRING SEBLAK KERITING,67848.0,9.0,3.0
agen produk organik jkt,Jakarta Timur,Seblak Kerupuk,12000.0,0.0,0.0
toko bemo,Jakarta Timur,Kerupuk Seblak Pedas 200gram,17000.0,100.0,4.8
oke snack,Jakarta Selatan,cemilan SEBLAK KARI PEDAS 65gr,4500.0,100.0,4.8
Parengge Rengge bumbu & rempah,Jakarta Timur,Kerupuk Bawang Prima / Krupuk Seblak 500gram,17500.0,4.0,5.0
DEVAN MUKENAH DEWASA,Jakarta Selatan,JSR SNACK PAKET BUNDLING HEMAT SEBLAK BASO ACI BASRENG RABOKKI,40000.0,70.0,5.0
aghniya,Tangerang Selatan,"siomay kering bandung 500 gr. untuk baso aci, seblak ,mie ayam dll",14999.0,750.0,4.9
juragan bawang merah,Depok,kerupuk mawar putih/ kerupuk seblak rafael,7300.0,24.0,4.0
King Fresh Mart,Jakarta Barat,Seblak Putri 80 gr,12500.0,10.0,5.0
oke snack,Jakarta Selatan,seblak jengkol pedas / okesnack,16000.0,100.0,4.9
Distributor Cuanki dan Seblak,Kab. Bekasi,Cuanki Batagor besar isi 25 pcs toping seblak baso Aci bakso cuanki,8600.0,100.0,4.9
Ekosistem Halal,Depok,kerupuk bawang spesial seblak nasi uduk 1kg 1000gr super grosir murah,16580.0,40.0,5.0
jajanan masabi,Jakarta Selatan,"baso aci telor daging ( cuanki, seblak, tulang rangu, boci)",9500.0,26.0,5.0
RIKI STORE 97,Kab. Bogor,Sabring kerupuk seblak pedas gurih,2500.0,100.0,4.9
Golden Cakery,Jakarta Pusat,KERUPUK KRUPUK SEBLAK JABLAY PELANGI PEDAS TERLARIS PER 500 GRAM,23750.0,100.0,4.8
Distributor Cuanki dan Seblak,Kab. Bekasi,Sukro pilus Cikur Sari rasa 500 g - toping seblak - baso aci,18000.0,60.0,4.9
Ghery Durian Shop,Jakarta Timur,Seblak Uleg Ala Mamang Rafael,9000.0,7.0,5.0
CIPTA-RASA.,Bandung,KRUPUK / KERUPUK MENTAH / KERUPUK SEBLAK MENTAH 1kg KEONG WARNA,6250.0,18.0,5.0
aghniya,Tangerang Selatan,"seblak kering pedas 250 gr/seblak kencur/kerupuk seblak,enak dan gurih",9999.0,250.0,4.8
oke snack,Jakarta Selatan,cemilan seblak ring pedas 250gr,16000.0,250.0,4.8
Seblak putra bandung,Kab. Bandung,seblak basreng pedas original exstra daun jeruk 500gram,25000.0,250.0,4.8
steviag91,Tangerang Selatan,SEBLAK MANG JOJO,24000.0,100.0,5.0
anugrah seblak,Kab. Bandung,"seblak krupuk 5000 ,pedas dan gurih",4000.0,1000.0,4.7
ArfaOnlineShop,Tangerang,CUANKI/CUANKIE SIOMAY SPECIAL KHAS GARUT ISI 50 PCS BASO ACI & SEBLAK,17999.0,17.0,5.0
Sahabatdapur1,Tangerang,Kerupuk Bawang 250gr / Kerupuk Mentah / Kerupuk Seblak - Sahabatdapur,7500.0,8.0,5.0
KedaiMart Official Store,Tangerang,Kerupuk Seblak Merah 1 Kg,23200.0,15.0,5.0
Kerabat Official Store,Kab. Tasikmalaya,Cuanki Lidah Kerupuk Cuanky Topping Baso Aci Seblak isi 150 Pcs,33000.0,100.0,4.8
Pixie By Cynthia,Semarang,KERUPUK MAWAR TERUNG KECIL 250 GRAM SEBLAK COET COCOL,6499.0,11.0,5.0
Sinar Baru Group,Jakarta Selatan,Kerupuk Bawang Mentah Premium / Krupuk Seblak Warna Warni 1 Kg,21500.0,60.0,4.8
kylafood,Bandung,Seblak Karuhun k.y.l Kylafood,10125.0,4000.0,4.8
ArfaOnlineShop,Tangerang,PILUS CIKUR 250 GRAM KHAS SUKABUMI BASO ACI/BOCI/SEBLAK,9999.0,80.0,4.8
Sajodo Snack & Food,Tasikmalaya,SEBLAK INSTAN SAJODO SNACK,22500.0,40.0,5.0
anugrah seblak,Kab. Bandung,"makaroni kriuk 500g pedas extra daun jeruk,cemilan nikmat,seblak,makan",23000.0,250.0,4.8
Distributor Cuanki dan Seblak,Kab. Bekasi,Sukro pilus Cikur Sari rasa 1kg - toping seblak - baso aci,35000.0,90.0,4.7
Pusat Cuankie & Cemilan Frozen,Jakarta Timur,SEBLOK / SEBLAK CILOK RANGU NYAKREK,6800.0,250.0,4.8
toko bemo,Jakarta Timur,Kerupuk Seblak Pedas 200gram,17000.0,100.0,4.8
juragan bawang merah,Depok,kerupuk orange / kerupuk seblak 250 gram,5500.0,17.0,5.0
jajanan masabi,Jakarta Selatan,"seblak instan sambal mercon (bakso, boci, cuanki, tulang rangu, )",7500.0,11.0,5.0
G Cakery,Jakarta Pusat,KERUPUK JABLAY SEBLAK PELANGI 500 GRAM,23275.0,30.0,5.0
toko cemilan rafiqi,Jakarta Barat,krupuk seblak pedas daun jeruk,10000.0,100.0,5.0
ArfaOnlineShop,Tangerang,SIOMAY MINI KERING 250 GRAM BASO ACI/BOCI/SEBLAK/CUANKI/CUANKIE,9999.0,80.0,4.9
basreng teteh99,Kab. Bandung,seblak kerupuk bantat pedas daun jeruk renyah gurih cemilan Hah keripi,25000.0,50.0,4.7
Seblak Cilookba,Kab. Bandung Barat,Seblak Cilookba original,17500.0,50.0,5.0
Bakso Bu Etu,Kab. Bandung,Seblak Bu Etu - Misdaseum / Original,19900.0,500.0,4.9
BociKakang,Jakarta Selatan,KERUPUK BAWANG ANEKA WARNA KRUPUK SEBLAK MENTAH WARNA WARNI,12500.0,100.0,4.7
Distributor Topping Baso Aci,Bandung,Batagor Kering Bulat 50buah,21000.0,4000.0,4.9
Toko San Tiga,Pasuruan,Camilan Seblak Kencur 500 gram,17000.0,0.0,0.0
gaiagarut,Kab. Garut,SUKRO CIKUR RENYAH NGEPROS isi 1KG Pelengkap Baso Aci Cuanki Seblak,31999.0,60.0,5.0
Golden Cakery,Jakarta Pusat,Kerupuk Seblak BANTET Pedas /Seblak Pelangi  - 1/4 kg,15300.0,50.0,4.9
Snack Zone Official,Jakarta Selatan,Kerupuk Seblak Pedas Mimi,18000.0,70.0,4.9
the Dhecip,Tangerang Selatan,Seblak Instan Pedas Home Made,3500.0,1000.0,4.8
hikmah berkah jaya,Jakarta Barat,seblak instant sajodo snak,19000.0,750.0,4.8
emmoshop,Kab. Bogor,Mommy Seblak Basah Instant 100gr,10000.0,2000.0,4.9
Pusat Cuankie & Cemilan Frozen,Jakarta Timur,SEBLAK INSTANT TERMURAH,3999.0,10000.0,4.8
Berkahrr,Bekasi,seblak mamang Rafael versi kering,12000.0,10.0,0.0
Anggris store,Kab. Bogor,Kerupuk Seblak / Seblak / Kering Pedas /,10000.0,40.0,4.8
Agen Snack Murah,Jakarta Barat,KRUPUK JABLAY PEDAS 500Gram/KRUPUK SEBLAK/SEBLAK KERING/SNACK KILOAN,22999.0,40.0,4.9
BociKakang,Jakarta Selatan,SEBLAK KERING PEDAS DAUN JERUK,4500.0,500.0,4.6
yumnaa snack,Kab. Bekasi,kerupuk seblak kencur / kerupuk seblak kering - 250gram,12000.0,30.0,4.9
the Dhecip,Tangerang Selatan,Seblak Instan Pedas Home Made,3500.0,1000.0,4.8
hikmah berkah jaya,Jakarta Barat,seblak instant sajodo snak,19000.0,750.0,4.8
emmoshop,Kab. Bogor,Mommy Seblak Basah Instant 100gr,10000.0,2000.0,4.9
Pusat Cuankie & Cemilan Frozen,Jakarta Timur,SEBLAK INSTANT TERMURAH,3999.0,10000.0,4.8
Aliya28,Tangerang Selatan,Seblak/Cuanki/Baso aci/Batagor kuah (instan) 1porsi. toping lengkap,7500.0,100.0,5.0
vieka mart official,Tangerang Selatan,Seblak ala Kang Rafael | Seblak Viral | Seblak Cobek,9216.0,250.0,5.0
TokokelontongSejahtera,Jakarta Barat,KERUPUK SEBLAK VIRAL RAFAEL (MENTAH) 250GR,17500.0,28.0,5.0
arzy sembako,Kab. Bogor,kerupuk seblak rafael 500gram,13800.0,30.0,5.0
Toko NRV Plastik dan Bahan Kue,Bandung,Kerupuk Aci Mawar | Kerupuk Mawar Putih | Seblak Rafael Viral | 250gr,7999.0,100.0,5.0
babykhai,Jakarta Timur,seblak rafael / seblak coet / seblak cocol,7500.0,100.0,4.9
the Dhecip,Tangerang Selatan,Seblak Instan Pedas Home Made,3500.0,1000.0,4.8
Baso Aci Ayang,Kab. Garut,Seblak Instan Komplit Pedas Gurih Nikmat,5999.0,2000.0,4.9
BociKakang,Jakarta Selatan,SEBLAK KERING PEDAS DAUN JERUK,4500.0,500.0,4.6
Aydaa Snack,Surakarta,SEBRING KRUPUK KERUPUK SEBLAK KERING PEDAS DAUN JERUK 1KG CABE ASLI,16000.0,40.0,4.9
RIKI STORE 97,Kab. Bogor,Seblak pedas kerupuk pedas kiloan 1 kg,34000.0,70.0,4.8
CuankiCulametan,Kab. Garut,Cuanki lidah murah kiloan isi 150 toping seblak baso aci,32500.0,100.0,5.0
Gerai Snack Official Shop,Kab. Tangerang,Soun Seblak Geprek SAMI RAOS Khas Garut,18700.0,70.0,4.8
Distributor Topping Baso Aci,Bandung,Kerupuk Bawang Warna 5 Kg (BALL) Kerupuk Seblak / Kerupuk Mentah / Ker,77000.0,2.0,5.0
Ekosistem Halal,Depok,kerupuk bawang spesial seblak nasi uduk 1kg 1000gr super grosir murah,16580.0,40.0,5.0
DEEVANA_CAHAYA,Bekasi,KERUPUK SEBLAK PEDAS GURIH MANTUL,5200.0,0.0,0.0
BociKakang,Jakarta Selatan,KERUPUK BAWANG ANEKA WARNA KRUPUK SEBLAK MENTAH WARNA WARNI,12500.0,100.0,4.7
baso aci masabi,Jakarta Selatan,"baso aci, bakso aci, cuanki, seblak instan, boci",8000.0,2000.0,4.8
Toko Ritel Indonesia,Sukabumi,Kerupuk Mawar Seblak Cocol (100gr)/Seblak Rafael Kerupuk Mawar Mentah,4990.0,100.0,4.9
gaiagarut,Kab. Garut,"Toping Seblak Baso Aci PAKET MIX 150pcs Cuanki Lidah, Siomay dan Baso",37400.0,250.0,4.8
BociKakang,Jakarta Selatan,KERUPUK BAWANG WARNA MERAH KRUPUK SEBLAK MENTAH,11500.0,60.0,5.0
G Cakery,Jakarta Pusat,KERUPUK SEBLAK SEBRING PEDAS - 250 GRAM,22050.0,50.0,5.0
Cuanki_Bandung,Kab. Bandung,Kerupuk Seblak Mentah 1kg - Krupuk Oren Matahari Pagi MP - Kemplang,16000.0,100.0,4.9
Celikafood,Bandung,Mie Golosor Kuning 500gr Mi Basah Noodles Seblak,6500.0,30.0,5.0
Distributor Cuanki dan Seblak,Kab. Bekasi,Cipet somay kering segitiga isi 20 pcs toping seblak baso Aci cuanki,6999.0,100.0,4.8
Madinah Oleh Oleh Bdg,Bandung,KERUPUK SEBLAK KERITING CABE MERAH SUPER PEDES 250 GRAM,18000.0,100.0,4.9
Ladjangfood,Bandung,seblak instan varian mie tanpa tulang,10000.0,0.0,0.0
toko-jayabaru,Kab. Tangerang,"Kerupuk Mentah Seblak 500gr - PutihBiBirMerah, 500 gram",12000.0,20.0,5.0
Foodstocks,Jakarta Selatan,Soun Seblak Geprek SAMI RAOS Khas Garut - Soun Seblak,19500.0,27.0,4.7
Warung Kekinian 16,Jakarta Utara,PROMO MURAH PAKET 10 BUNGKUS SEBLAK KOMPLIT BESAR PEDAS MANTUL ENAK,60000.0,0.0,0.0
Seblak Alipbata,Tangerang,7 pack seblak instant CARLA khas bandung,90000.0,3.0,5.0
Maya Light Electro,Tangerang,Bakso Aci Seblak Mie instant baso kekinian halal murah enak,7500.0,18.0,4.5
RZTSHOP86,Bandung,Paket Seblak Original Bandung - Baso Aci,8500.0,100.0,4.9
Djuragan Kerupuk,Surabaya,Termurah Kerupuk Mentah-Kerupuk Seblak-Kerupuk Puli,6000.0,40.0,5.0
Gerai Snack Official Shop,Kab. Tangerang,Mie Seblak Geprek Sami Raos Khas Garut Seblak Instant Kekinian 160gr,18700.0,100.0,4.8
jajanan masabi,Jakarta Selatan,"baso aci masabi ( boci, tulang rangu, cuanki, seblak, bapper)",7500.0,50.0,5.0
rendy store snack,Tangerang Selatan,seblak ceker pedas (Snack Cemilan) . Seblak Ceker Snack Makanan Ringan,12000.0,100.0,4.9
Berkah Food Bandung,Cimahi,Seblak Instan Kenyang Murah Asli Bandung Reseller Tanpa Pengawet,6173.0,6000.0,4.9
Celikafood,Bandung,Kerupuk Orange 250 gr Krupuk Sumber Sari Seblak Sumbersari Oren Merah,6500.0,100.0,4.9
Hypermart Puri Indah,Jakarta Barat,INDOMIE MIE KUAH INSTANT RASA SEBLAK HOT JELETOT 75 GR,2980.0,250.0,5.0
Snackzone PP,Jakarta Pusat,Kerupuk Seblak Pedas Mini,18000.0,25.0,5.0
Freshgo Indonesia,Bandung,Seblak Kering Guyam Gayem Fresh Go,12000.0,1.0,0.0
steviag91,Tangerang Selatan,SEBLAK MANG JOJO,24000.0,100.0,5.0
Djuragan Kerupuk,Surabaya,Kerupuk Tersanjung-Kerupuk Seblak-Kerupuk Mentah,13500.0,7.0,5.0
CUANKI CULAMETAN,Kab. Garut,cuanki tahu kering seblak isi 50 pcs toping seblak baso aci,12500.0,250.0,4.9
Adila_Putri_Snack,Kab.Ciamis,kerupuk seblak pedas 1/4 kg / kerupuk seblak ¼,12900.0,80.0,4.7
SERBA_CAMOSPORT,Kab. Bandung,Seblak Kering Gahoel/gaul Bandung,20000.0,23.0,5.0
Anggris store,Kab. Bogor,Kerupuk Seblak / Seblak / Kering Pedas /,10000.0,40.0,4.8
aghniya,Tangerang Selatan,SEBLAK INSTAN special bumbu kencur rasa lezat,5999.0,2000.0,4.8
cemilan instan purwakarta,Kab. Purwakarta,seblak instan purwakarta,4500.0,750.0,4.9
tantaz_Snack,Tangerang Selatan,Kerupuk Seblak Bantet 100 gram-Tantaz Snack,6500.0,60.0,5.0
Allsnackbandung,Bandung,Kerupuk Seblak bumbu kacang,15000.0,100.0,5.0
toko-jayabaru,Kab. Tangerang,Kerupuk Mentah Seblak 500gr,12000.0,20.0,5.0
AUFARO SNACK,Kab. Bandung Barat,KERUPUK SEBLAK KENCUR MAWAR / SEBLAK KRIWUL PEDAS MURAH,8000.0,29.0,5.0
Toko kue Sumber Mas,Jakarta Timur,KERUPUK / KRUPUK SEBLAK RASA PEDAS / TERLARIS / KILOAN 500 GR,31164.0,100.0,4.8
Distributor-Jaya,Tangerang,Kerupuk Bawang Orange Dan Putih 1kg 1kilo Cocok Untuk Seblak Nasi Uduk,20000.0,100.0,5.0
seblak bandung99,Kab. Bandung,seblak basreng pedas original exstra daun jeruk 500gram,25000.0,2000.0,4.8
Aneka Sayuran Segar,Jakarta Utara,TERMURAH Kerupuk Bawang Buat Seblak Size Mini (Mentah),8500.0,40.0,5.0
Snackzone PP,Jakarta Pusat,Baso urat djuara sami raos/Baso Aci Urat /Seblak,25000.0,7.0,5.0
My snack910,Jakarta Selatan,Kerupuk Jablay Bantet Seblak Kering Kencur UK 250gr,9500.0,30.0,5.0
Ekosistem Halal,Depok,kerupuk bawang spesial seblak nasi uduk 1/2kg 500gr grosir murah,9866.0,29.0,4.9
atwshop,Jakarta Selatan,kerupuk seblak pedas 1 bungkus,10900.0,10.0,5.0
Menu Ama,Tangerang Selatan,Kerupuk Seblak,17000.0,100.0,4.9
Lidigeli,Kab. Garut,MASJAY Seblak Bumbu Membara Instant - No.1 Street Food Bandung,15000.0,70.0,5.0
Official Snack Murah Batam,Batam,Seblak Basreng,6000.0,100.0,4.6
BaroqahSnack,Jakarta Barat,Seblak Kencur /Kerupuk Seblak Kencur Pedas,11000.0,50.0,4.9
Suncity.,Tangerang,baso aci / seblak instan/ batagor kuah milanial,5999.0,2000.0,4.9
lahawelah,Kab. Garut,1kg GURILEM Siomay Mini bahan Pelengkap Boci seblak dan cuanki,27140.0,750.0,4.9
DEVAN MUKENAH DEWASA,Jakarta Selatan,JSR Snack Baso Aci Seblak Basreng (PAKET BUNDLING A),30000.0,28.0,5.0
Tsamara Ol Shopp,Kab. Bekasi,seblak soaci tulang rangu,18500.0,12.0,5.0
Ohayo Bento New,Jakarta Timur,Seblak Instan KSN,10000.0,10.0,4.0
aghniya,Tangerang Selatan,aneka kerupuk mix untuk bahan seblak 500 gr,14999.0,100.0,5.0
Distributor Cuanki dan Seblak,Kab. Bekasi,Somay mini Gurilem batagor mini toping seblak baso Aci cuanki 500 gr,13999.0,100.0,5.0
RN FROZEN FOOD,Jakarta Selatan,Seblak Instan,10500.0,50.0,4.9
Agen bawang goreng mas YO,Kab. Bogor,Kerupuk indosari gado gado dan seblak,18900.0,90.0,4.9
SuperSnacksShop,Kab. Bandung,KRUPUK / KERUPUK MENTAH / KERUPUK SEBLAK MENTAH 200gr MAWAR WARNA,5000.0,100.0,4.9
Pusat Cuankie & Cemilan Frozen,Jakarta Timur,SEBLAK JUMBO + SOSIS INSTANT,5800.0,1000.0,4.8
U Mart Indonesia,Jakarta Selatan,U Mart - Kerupuk Merah Gado Gado/Bubur Ayam 1 kg Krupuk Orange Seblak,19000.0,70.0,4.9
Foodshopindonesia,Jakarta Barat,Seblak Kencur 200g Makanan ringan Snack Cemilan oleh-oleh termurah,11000.0,90.0,5.0
aghniya,Tangerang Selatan,"keripik beling/kaca 1/2 kg. bumbu seblak daun jeruk enak, gurih, pedas",25999.0,250.0,4.9
Pusat Cuankie & Cemilan Frozen,Jakarta Timur,CUANKIE SIOMAY ISI 50 TOPPING BASO ACI / SEBLAK,16000.0,11.0,5.0
vieka mart official,Tangerang Selatan,Seblak Instant Nagih | Seblak + Baso Aci Jajanan Milenial,10296.0,7.0,4.0
DEVAN MUKENAH DEWASA,Jakarta Selatan,JSR Snack Rabokki Seblak Baso Aci (PAKET BUNDLING D),32000.0,12.0,5.0
seblak bandung99,Kab. Bandung,Ready seblak basreng pedas daun jeruk 1kg basreng bandung renyah gurih,50000.0,750.0,4.9
Oranic,Kab. Bandung,Kerupuk Seblak Viral Rafael 250g,6000.0,14.0,5.0
AMANA SNACK,Tangerang Selatan,Marenta Seblak Instan,14590.0,100.0,5.0
indieshop786,Kab. Garut,Seblak Instant Pusaka Parahyangan [85gr],15000.0,0.0,0.0
CuankiCulametan,Kab. Garut,cuanki tahu pasung isi 50 murah batagor kering toping seblak baso aci,12000.0,100.0,4.9
Seblak Alipbata,Tangerang,5 Pack Seblak Instant Lala Khas Bandung,60000.0,2.0,5.0
Snackzone PP,Jakarta Pusat,Kerupuk Seblak Pedas / Kerupuk Seblak Merah,18000.0,16.0,3.5
oke snack,Jakarta Selatan,Kerupuk Seblak Jeruk,14000.0,100.0,4.9
the Dhecip,Tangerang Selatan,Seblak Instan Pedas Home Made,3500.0,1000.0,4.8
hikmah berkah jaya,Jakarta Barat,seblak instant sajodo snak,19000.0,750.0,4.8
emmoshop,Kab. Bogor,Mommy Seblak Basah Instant 100gr,10000.0,2000.0,4.9
Pusat Cuankie & Cemilan Frozen,Jakarta Timur,SEBLAK INSTANT TERMURAH,3999.0,10000.0,4.8
Berkahrr,Bekasi,seblak mamang Rafael versi kering,12000.0,10.0,0.0
Anggris store,Kab. Bogor,Kerupuk Seblak / Seblak / Kering Pedas /,10000.0,40.0,4.8
Agen Snack Murah,Jakarta Barat,KRUPUK JABLAY PEDAS 500Gram/KRUPUK SEBLAK/SEBLAK KERING/SNACK KILOAN,22999.0,40.0,4.9
BociKakang,Jakarta Selatan,SEBLAK KERING PEDAS DAUN JERUK,4500.0,500.0,4.6
yumnaa snack,Kab. Bekasi,kerupuk seblak kencur / kerupuk seblak kering - 250gram,12000.0,30.0,4.9
the Dhecip,Tangerang Selatan,Seblak Instan Pedas Home Made,3500.0,1000.0,4.8
hikmah berkah jaya,Jakarta Barat,seblak instant sajodo snak,19000.0,750.0,4.8
emmoshop,Kab. Bogor,Mommy Seblak Basah Instant 100gr,10000.0,2000.0,4.9
Pusat Cuankie & Cemilan Frozen,Jakarta Timur,SEBLAK INSTANT TERMURAH,3999.0,10000.0,4.8
Aliya28,Tangerang Selatan,Seblak/Cuanki/Baso aci/Batagor kuah (instan) 1porsi. toping lengkap,7500.0,100.0,5.0
vieka mart official,Tangerang Selatan,Seblak ala Kang Rafael | Seblak Viral | Seblak Cobek,9216.0,250.0,5.0
TokokelontongSejahtera,Jakarta Barat,KERUPUK SEBLAK VIRAL RAFAEL (MENTAH) 250GR,17500.0,28.0,5.0
arzy sembako,Kab. Bogor,kerupuk seblak rafael 500gram,13800.0,30.0,5.0
Toko NRV Plastik dan Bahan Kue,Bandung,Kerupuk Aci Mawar | Kerupuk Mawar Putih | Seblak Rafael Viral | 250gr,7999.0,100.0,5.0
babykhai,Jakarta Timur,seblak rafael / seblak coet / seblak cocol,7500.0,100.0,4.9
the Dhecip,Tangerang Selatan,Seblak Instan Pedas Home Made,3500.0,1000.0,4.8
Baso Aci Ayang,Kab. Garut,Seblak Instan Komplit Pedas Gurih Nikmat,5999.0,2000.0,4.9
BociKakang,Jakarta Selatan,SEBLAK KERING PEDAS DAUN JERUK,4500.0,500.0,4.6
Aydaa Snack,Surakarta,SEBRING KRUPUK KERUPUK SEBLAK KERING PEDAS DAUN JERUK 1KG CABE ASLI,16000.0,40.0,4.9
RIKI STORE 97,Kab. Bogor,Seblak pedas kerupuk pedas kiloan 1 kg,34000.0,70.0,4.8
Siomay Aisha Frozen,Depok,Batagor Aisha Frozen - Pangsit Tahu,26000.0,3000.0,4.9
Lakoca Official Shop,Cimahi,Paket Isi 6 Makaroni Basah Instan | Seblak Basah Instan,93840.0,14.0,4.8
kanskitchen,Bekasi,Paket Adha 4 - Dimsum; Seblak Kering; Panzerotti; Seblak Komplit Kuah,107000.0,0.0,0.0
rafardhan_shop,Jakarta Timur,Seblak Original Bunda Fardhan,9980.0,0.0,0.0
Endo Shop ID,Kab. Garut,"1 Kg SIOMAY MINI SADULUR Gurilem Cuanki Mini Kerikil, Topping Baso Aci",23000.0,19.0,5.0
RIKI STORE 97,Kab. Bogor,seblak kerupuk bantet kering 75 gram,5000.0,90.0,4.7
Aeeshastore,Bandung,Siomay Kerikil Kuncup / Siomay Mini / SIomay Seblak,8000.0,100.0,4.6
Uai Food,Surabaya,SEBLAK COBEK VIRAL ALA RAFAEL DIJAMIN ENAK,6000.0,30.0,5.0
Utama.Snack,Surabaya,Kerupuk Seblak Pedas 200gr,12000.0,500.0,4.9
RIKI STORE 97,Kab. Bogor,kerupuk seblak extra pedas murah meriah,4500.0,12.0,4.7
DINAYASHOP,Jakarta Barat,Kerupuk Mentah seblak 1kg,18000.0,70.0,4.4
blibuah official,Bekasi,Kerupuk Bawang 250 / Kerupuk Warna-Warni / Kerupuk Seblak,5000.0,250.0,4.9
Indofood Official Store,Tangerang Selatan,Indomie Hypeabis Seblak Hot Jeletot,3100.0,1000.0,5.0
Grosir Putra Bdg,Kab. Bandung,seblak / paket seblak bumbu komplit pedas ekonomis,3479.0,250.0,4.9
cemilan4u,Bandung,Warung Marenta - SEBLAK BASAH Instan - 85 gr,12990.0,100.0,5.0
Lakoca Official Shop,Cimahi,GFS Seblak Basah Instan Original - Tinggal Seduh 3 Menit Langsung Siap,16618.0,100.0,4.8
jajanangarut19,Jakarta Selatan,CUANKI TAHU KERING isi 500pcs Topping SEBLAK Cuanki Baso Aci,175000.0,10.0,5.0
Adila_Putri_Snack,Kab.Ciamis,kerupuk seblak pedas 1/2 kg / kerupuk seblak ½ - Pedas,20900.0,80.0,4.8
CuankiCulametan,Kab. Garut,Sukro cikur pilus kencur sari rasa 250 gram toping seblak baso aci,8500.0,100.0,4.9
jajanangarut19,Jakarta Selatan,CUANKI TAHU KERING,14000.0,750.0,4.9
Indomie Official Store,Tangerang Selatan,5 Pcs - Indomie HypeAbis Rasa Seblak Hot Jeletot,16000.0,500.0,4.9
Seblak Alipbata,Tangerang,seblak instant khas bandung,60000.0,100.0,4.8
ArfaOnlineShop,Tangerang,kerupuk mix 100 gram campuran seblak,2999.0,20.0,5.0
Golden Cakery,Jakarta Pusat,KERIPIK KACA/KRIPIK KACA PEDAS/SEBLAK KACA 100 GRAM,12250.0,250.0,4.8
aghniya,Tangerang Selatan,"seblak ceker 250 gr pedas daun jeruk, gurih,cemilan bikin nagih",9999.0,50.0,4.8
Bintang jaya Jsp,Tangerang Selatan,Kerupuk merah kerupuk seblak 5 kg kerupuk mentah,67900.0,18.0,5.0
The Little Snacks,Tangerang Selatan,Cancimen Seblak Ramen Mas Miun Instan Cemilan Cup Kekinian Khas Garut,17000.0,40.0,5.0
Ohayo Bento New,Jakarta Timur,Seblak Instan KSN,10000.0,10.0,4.0
global cookware1,Jakarta Barat,"CUANKI SIOMAY TOPING BASO ACI, MIE INSTAN, SEBLAK",17999.0,250.0,4.8
Semesta kerupuk,Tangerang Selatan,Kerupuk mawar putih mentah 1ball (5kg)/kerupuk seblak viral rafael,98000.0,6.0,5.0
The Little Snacks,Tangerang Selatan,Soaci / Seblak Baso Aci Khas Garut,19900.0,500.0,4.8
Distributor Topping Baso Aci,Bandung,Cuanki Siomay Kering 50 Buah (BKS),15500.0,30.0,5.0
Mokosnacksby,Surabaya,Snack Cemilan Seblak Siomay 250 gram,15000.0,80.0,4.9
Seblak Alipbata,Tangerang,seblak instant khas bandung,60000.0,100.0,4.8
Snackzone Kelapa Gading,Jakarta Utara,Baso urat djuara sami raos/Baso Aci Urat /Seblak,25000.0,0.0,0.0
JAGO TOK PETOK,Surabaya,kerupuk seblak kering pedas 500 gr hot spicy keripik enak,22000.0,100.0,4.9
anugrah seblak,Kab. Bandung,"siomay pedas kering,daun jeruk,500g,cemilan pedas,seblak,siomay bandun",23000.0,250.0,4.7
CemilanPuas,Medan,[READY MEDAN] Seblak Bandung Instan Super Pedas Termurah Lidah Cuanki,6900.0,500.0,4.8
amarsha_shop,Jakarta Utara,"Kerupuk seblak/jablay pedas snack kiloan cemilan original, exp panjang",8500.0,100.0,4.6
RIKI STORE 97,Kab. Bogor,Sabring kerupuk seblak kering pedas 75 gram,5000.0,28.0,4.2
Rempah Bu Risma,Kab. Bekasi,KERUPUK MENTAH BULAT PUTIH KERUPUK IKAN KERUPUK SEBLAK 1 KG,9000.0,19.0,5.0
RIKI STORE 97,Kab. Bogor,Kerupuk seblak pedas 75 gram,4500.0,20.0,4.0
BociKakang,Jakarta Selatan,KERUPUK MENTAH KERUPUK SEBLAK MENTAH 500 GR,12500.0,100.0,4.8
Foodstocks,Jakarta Selatan,Mie Seblak Geprek Sami Raos Khas Garut Seblak Instant Kekinian 160gr,17160.0,50.0,5.0
Kickball Official,Bandung,bumbu seblak basah instan,26666.0,250.0,4.7
Gerai Snack Official Shop,Kab. Tangerang,Soun Seblak Geprek SAMI RAOS Khas Garut,18700.0,70.0,4.8
ArfaOnlineShop,Tangerang,TOPPING SEBLAK/BASO ACI PAKET MIX TERMURAH/CUANKI/CUANKIE,34999.0,100.0,4.9
aghniya,Tangerang Selatan,"keripik beling / kaca 1 kg. bumbu seblak daun jeruk enak, gurih, pedas",44999.0,250.0,4.8
KailaAini_collection,Kab. Bandung,SEBRING CAMPUR/ Seblak kering Bumbu kacang/ varian pedas-original,20000.0,17.0,5.0
Hokishopsurabaya,Surabaya,✔MURAH Kerupuk Mentah Serba 6000 berat 250gr / Krupuk Seblak,6499.0,24.0,5.0
Dorame Food,Malang,"(Reseller 6.500) Dorame Makaroni Pipa, Makroni Spiral, Basreng, Seblak",7500.0,1000.0,4.9
Agen Snack Jakarta,Kab. Bogor,Juara Snack - Kerupuk Seblak Pedas 100gr,6500.0,24.0,5.0
Griyo Seni,Kab. Sidoarjo,SEBLAK INSTAN,5000.0,50.0,4.5
Official Kartika Sari,Bandung,Seblak Instan Sehati,13000.0,500.0,5.0
AHR Jaya Snack,Jakarta Timur,KERUPUK PEDAS KRIWIL BANTAT ISI 250gr KRITING SEMBRING SEBLAK MAWAR,17248.0,15.0,5.0
RIKI STORE 97,Kab. Bogor,kerupuk seblak Pedas 75 gram gurih,4500.0,6.0,4.0
Golden Cakery,Jakarta Pusat,KERUPUK SEBLAK SEBRING PEDAS KILOAN,84550.0,16.0,5.0
TOSERDA,Bandung,basranger seblak extra pedas instan praktis murah halal cemilan,20580.0,19.0,4.8
tantaz_Snack,Tangerang Selatan,Kerupuk Seblak 100 gram-Tantaz Snack,6500.0,23.0,4.8
Snackzone PP,Jakarta Pusat,Keripik Seblak Pedas Putih,18000.0,30.0,5.0
Akang Kripik,Jakarta Timur,Krupuk kerupuk Seblak Pedas Gurih krupuk Jablay,17500.0,30.0,5.0
insanprimastore,Tangerang Selatan,Kerupuk Joged Bawang Bibir Warna Warni mentah 500gr Seblak,10500.0,14.0,4.7
jajanan masabi,Jakarta Selatan,"baso aci masabi original (cuanki, seblak, boci, tulang rangu, batagor)",7500.0,9.0,5.0
Rahmatika Freshmart,Tangerang Selatan,Seblak Instant Carla 100 gr,13000.0,7.0,5.0
PanganIndah,Tangerang,Kerupuk bawang orange 250gr / Krupuk seblak mentah bawang oren 250 gr,7500.0,7.0,5.0
Celikafood,Bandung,Kerupuk Putih 250 gr Krupuk Sumbersari Kurupuk Sumber Sari Seblak,6500.0,50.0,5.0
BaroqahSnack,Jakarta Barat,KRUPUK SEBLAK STICK/SNACK KILOAN,12000.0,40.0,5.0
Gerai Snack Official Shop,Kab. Tangerang,Seblak Instant Basranger Extra Pedas Daun Jeruk (200gr),17300.0,100.0,4.8
Ghery Durian Shop,Jakarta Timur,Seblak instan,11000.0,80.0,4.9
RafToshi Mart,Tangerang Selatan,seblak cobek,6200.0,15.0,5.0
Pempek Emak Indah,Jakarta Barat,COMBO HALU! 3PC SEBLAK MIE HALU - EMAK INDAH FOOD,59400.0,23.0,5.0
annamustikashop,Jakarta Barat,kerupuk bawang orange seblak - 250 gr,8500.0,30.0,5.0
ArfaOnlineShop,Tangerang,PAKET MIX HEMAT 50 BASO ACI/BOCI/SEBLAK/CUANKI,85000.0,30.0,5.0
Disiniajabookshop,Tangerang Selatan,Seblak Koko Cup,25000.0,15.0,5.0
Al Dien Store 313,Tangerang,Seblak Mercon Khas Tasik 150gr Pedas Jelotot,9000.0,50.0,4.8
G Cakery,Jakarta Pusat,KERUPUK SEBLAK SEBRING PEDAS,43610.0,25.0,5.0
Muysproduct,Kab. Bogor,seblak instan mie original om brewok,14000.0,5.0,5.0
Ruang Kudapan Nusantara,Bandung,SiDaun Sambal Seblak - 40 Gram,21000.0,0.0,0.0
Rak Sebelah,Jakarta Pusat,Cancimen Seblak Ramen Instan Cup 100gr - Ready to Cook | Mie Instant,16000.0,3.0,0.0
Mokosnacksby,Surabaya,Seblak Soto pedas 250gr,15000.0,60.0,4.9
the Dhecip,Tangerang Selatan,Seblak Instan Pedas Home Made,3500.0,1000.0,4.8
hikmah berkah jaya,Jakarta Barat,seblak instant sajodo snak,19000.0,750.0,4.8
emmoshop,Kab. Bogor,Mommy Seblak Basah Instant 100gr,10000.0,2000.0,4.9
Pusat Cuankie & Cemilan Frozen,Jakarta Timur,SEBLAK INSTANT TERMURAH,3999.0,10000.0,4.8
Berkahrr,Bekasi,seblak mamang Rafael versi kering,12000.0,10.0,0.0
Anggris store,Kab. Bogor,Kerupuk Seblak / Seblak / Kering Pedas /,10000.0,40.0,4.8
Agen Snack Murah,Jakarta Barat,KRUPUK JABLAY PEDAS 500Gram/KRUPUK SEBLAK/SEBLAK KERING/SNACK KILOAN,22999.0,40.0,4.9
BociKakang,Jakarta Selatan,SEBLAK KERING PEDAS DAUN JERUK,4500.0,500.0,4.6
yumnaa snack,Kab. Bekasi,kerupuk seblak kencur / kerupuk seblak kering - 250gram,12000.0,30.0,4.9
the Dhecip,Tangerang Selatan,Seblak Instan Pedas Home Made,3500.0,1000.0,4.8
hikmah berkah jaya,Jakarta Barat,seblak instant sajodo snak,19000.0,750.0,4.8
emmoshop,Kab. Bogor,Mommy Seblak Basah Instant 100gr,10000.0,2000.0,4.9
Pusat Cuankie & Cemilan Frozen,Jakarta Timur,SEBLAK INSTANT TERMURAH,3999.0,10000.0,4.8
Aliya28,Tangerang Selatan,Seblak/Cuanki/Baso aci/Batagor kuah (instan) 1porsi. toping lengkap,7500.0,100.0,5.0
vieka mart official,Tangerang Selatan,Seblak ala Kang Rafael | Seblak Viral | Seblak Cobek,9216.0,250.0,5.0
TokokelontongSejahtera,Jakarta Barat,KERUPUK SEBLAK VIRAL RAFAEL (MENTAH) 250GR,17500.0,28.0,5.0
arzy sembako,Kab. Bogor,kerupuk seblak rafael 500gram,13800.0,30.0,5.0
Toko NRV Plastik dan Bahan Kue,Bandung,Kerupuk Aci Mawar | Kerupuk Mawar Putih | Seblak Rafael Viral | 250gr,7999.0,100.0,5.0
babykhai,Jakarta Timur,seblak rafael / seblak coet / seblak cocol,7500.0,100.0,4.9
the Dhecip,Tangerang Selatan,Seblak Instan Pedas Home Made,3500.0,1000.0,4.8
Baso Aci Ayang,Kab. Garut,Seblak Instan Komplit Pedas Gurih Nikmat,5999.0,2000.0,4.9
BociKakang,Jakarta Selatan,SEBLAK KERING PEDAS DAUN JERUK,4500.0,500.0,4.6
Aydaa Snack,Surakarta,SEBRING KRUPUK KERUPUK SEBLAK KERING PEDAS DAUN JERUK 1KG CABE ASLI,16000.0,40.0,4.9
RIKI STORE 97,Kab. Bogor,Seblak pedas kerupuk pedas kiloan 1 kg,34000.0,70.0,4.8
kylafood,Bandung,Seblak Mie Baso k.y.l Kylafood,21465.0,4000.0,4.9
CuankiCulametan,Kab. Garut,cuanki tahu geprek isi 50 murah toping seblak baso aci,19000.0,50.0,4.7
indieshop786,Kab. Garut,Seblak Kuah Instant Tom Yum Pusaka Parahyangan,15000.0,0.0,0.0
Malmilty,Kab. Bogor,KERUPUK SEBLAK,6000.0,0.0,0.0
maherashop,Bandung,Seblak kering pedas daun jeruk 1/2 kg,30000.0,0.0,0.0
yumnaa snack,Kab. Bekasi,kerupuk seblak kencur / kerupuk seblak kering - 250gram,12000.0,30.0,4.9
kylafood,Bandung,Kylafood Seblak Rempah Autentik isi (10pcs),89100.0,40.0,4.8
Toko kue Sumber Mas,Jakarta Timur,KERUPUK / KRUPUK SEBLAK RASA PEDAS / TERLARIS / KILOAN 1 KG,60102.0,80.0,4.9
Indomie Official Store,Tangerang Selatan,10 Pcs - Indomie HypeAbis Rasa Seblak Hot Jeletot,31900.0,5000.0,4.8
fasyaa_id,Bandung,Kyla Food Seblak Original,20500.0,40.0,5.0
global cookware1,Jakarta Barat,"SIOMAY MINI 1 BALL ISI 5 KILO TOPING BASO ACI, SEBLAK",169000.0,100.0,4.8
kylafood,Bandung,PAKET HEMAT (2 Seblak original - Seblak Karuhun - Cireng Bumbu Rujak),53250.0,750.0,4.9
Van Kios,Bandung,Kerupuk Seblak kering pedas RIKI,8800.0,1000.0,4.9
Dapur Sehat21,Kab. Bandung,KERUPUK SEBLAK 1KG / KRUPUK SEBLAK DAUN JERUK / SEBLAK PEDAS,38000.0,30.0,4.6
aghniya,Tangerang Selatan,"seblak ceker 1 kg pedas daun jeruk, gurih,cemilan bikin nagih",35999.0,40.0,5.0
Jember Snack Time,Kab. Jember,Seblak Cimol Kering Pedas 150gr | Snack Kiloan JST,10000.0,100.0,4.8
Mokosnacksby,Surabaya,Seblak Soto ORI 250gr,15000.0,50.0,4.9
omiyago,Jakarta Barat,Omiyago Snack Kerupuk Seblak,4000.0,24.0,4.8
Muysproduct,Kab. Bogor,seblak instan om brewok,14000.0,2.0,5.0
Lakoca Official Shop,Cimahi,Lakoca Cuanki Instan Pertama Lakoca - 3 Menit Siap Santap!,16618.0,500.0,4.9
Roda Minang,Jakarta Barat,Kerupuk bawang prima / Kerupuk warna warni / Kerupuk seblak - 1Kg,23000.0,50.0,5.0
Yimshop,Semarang,YIMS seblak instant pedas napol termurah khas garut kerupuk seblak teh,5500.0,250.0,4.7
Distributor Cuanki dan Seblak,Kab. Bekasi,GRATIS KARDUS CUANKI MIX MURAH - BISA COD - TOPING SEBLAK - BASO ACI,30000.0,29.0,5.0
ngemilogi,Jakarta Barat,Seblak Kering 2in1-Tiktak Cikur Lvl 1&5 Tsaqil 80gr-Snack by Ngemilogi,14700.0,8.0,5.0
Frozen Mart Jakarta,Jakarta Utara,TENS Mie Kremes Seblak / Snack Vegan / Cemilan Sehat 65Gr,11900.0,21.0,5.0
yakoyako,Bekasi,Seblak Instan Batagor/Seblak Instan Pedas,8700.0,100.0,5.0
aghniya,Tangerang Selatan,Cabe bubuk special baso aci & seblak,11999.0,250.0,4.9
humaniss,Tangerang Selatan,seblak instan carla komplit batagor siomay jajanan khas bandung,14500.0,7.0,5.0
SuperSnacksShop,Kab. Bandung,KRUPUK / KERUPUK MENTAH / KERUPUK SEBLAK MENTAH 1kg KANCING BAWANG,21000.0,13.0,5.0
mustafastore,Tangerang Selatan,seblaku -seblak instan,6000.0,6.0,5.0
Muysproduct,Kab. Bogor,seblak instan mie bakso om brewok,16000.0,5.0,5.0
Seblak Alipbata,Tangerang,5 Pack Batagor Kuah MAMI Khas Bandung,60000.0,9.0,4.3
kylafood,Bandung,Paket Batagor-Mie Kocok k.y.l Kylafood,39220.0,1000.0,4.9
Jajanan Wawa,Kab. Purwakarta,Kerupuk Seblak,20000.0,0.0,0.0
kylafood,Bandung,Paket Batagor-Toping Pilus k.y.l Kylafood,28490.0,1000.0,4.9
DapoerOeti,Jakarta Barat,Kerupuk Jablay/ Kerupuk Seblak Pedas.,10000.0,28.0,4.5
jajanangarut19,Jakarta Selatan,CUANKI TAHU KERING isi 500pcs Topping SEBLAK Cuanki Baso Aci,175000.0,10.0,5.0
AHR Jaya Snack,Jakarta Timur,KERUPUK PEDAS JABLAY PELANGI 1kg / Seblak Kering Kerupuk Bantat Seblak,62098.0,6.0,5.0
Hypermart Pakuwon,Surabaya,INDOMIE MI INSTANT RASA SEBLAK HOT JELET,2780.0,500.0,4.8
RGA Frozen,Depok,Seblak geprek hedon,15000.0,250.0,5.0
TTH-grocerystore,Bandung,KERUPUK SEBLAK VIRAL RAFAEL BUNGA PUTIH 1 KG,27000.0,18.0,5.0
Gerai Snack Official Shop,Kab. Tangerang,Seblak Kuah Instant Terciduk Khas Bandung Extra Mie Telur Best Seller,17300.0,50.0,4.5
ArfaOnlineShop,Tangerang,SIOMAY SEGITIGA ISI 10 PCS BASO ACI/BOCI/SEBLAK,7999.0,80.0,4.9
temencemalcemil,Jakarta Barat,KRUPUK SEBLAK PEDAS RENYAH 100GRAM (BOX MIKA),2500.0,23.0,5.0
ArfaOnlineShop,Tangerang,cuanki/cuankie lidah isi 50 pcs khas Garut baso Aci/boci/seblak,16999.0,80.0,4.9
Fiorenza Snack,Jakarta Timur,Makaroni Tabur & Seblak Makaroni SiKaya-Netto 40 Gram,5000.0,100.0,4.7
oke snack,Jakarta Selatan,cemilan SEBLAK KARI PEDAS 65gr,4500.0,100.0,4.8
Seblak Jeletet Murni,Jakarta Pusat,bundling Seblak instan Ajahh Unyuu,49000.0,30.0,5.0
Hans cake store,Jakarta Barat,TERLARIS kerupuk mawar mentah 250gram seblak rafael viral,22000.0,4.0,5.0
Rasa Juara Indonesia,Bandung,SEBLAK JUARA INSTAN MASAK BASAH ASLI BANDUNG ENAK MANTAP,22000.0,750.0,4.9
Roda Minang,Jakarta Barat,Kerupuk bawang prima / Kerupuk warna warni / Kerupuk seblak - 500 Gram,12000.0,30.0,4.9
RIKI STORE 97,Kab. Bogor,PANGSIT SEBLAK BUMBU BASAH,8500.0,9.0,5.0
The Little Snacks,Tangerang Selatan,Soaci / Seblak Baso Aci Khas Garut,19900.0,500.0,4.8
Via Frozen Food,Jakarta Timur,seblak,10000.0,250.0,4.8
SIMANALAGI-KOSAMBI-BANDUNG,Bandung,kerupuk seblak bantat kriwil syahrini 250gr oleh oleh bandung,19000.0,100.0,4.9
SuperSnacksShop,Kab. Bandung,KRUPUK / KERUPUK MENTAH / KERUPUK SEBLAK MENTAH 1kg POCO / PUYUR,21000.0,80.0,4.9
Radja Herbal Indonesia,Kab. Bekasi,kerupuk ikan mentah putih seblak gurih renyah garing 1000gr,26500.0,7.0,5.0
Toko NRV Plastik dan Bahan Kue,Bandung,Kerupuk Oren Seblak Tenggiri | Mutiara Sari |250gram | Mentah | Kiloan,4999.0,22.0,5.0
Pempek Emak Indah,Jakarta Barat,PAKET KOMPLIT! RABOKKI RAMYEON TTEOKBOKI SEBLAK BAKSO ACI CHOIGO! HALU,108999.0,14.0,5.0
Cemilan-Ce,Kab. Sidoarjo,SEBLAK INSTAN TERMURAH,3500.0,50.0,5.0
Mo_toko,Tangerang Selatan,Soaci Seblak Baso Aci Homemade Makanan Instant Lokal,19750.0,19.0,4.7
SEBLAK MANTUL,Kab. Bandung,"seblak kerupuk jengkol pedas bumbu basah COD,asli Bandung",12500.0,8.0,4.5
AYO BELANJA AYO MASAK - BY CERITA DAPUR BUNDA,Kab. Sleman,KERUPUK LOTEK / KERUPUK SEBLAK / KERUPUK ORANYE (MENTAH) per 250gr,7740.0,100.0,5.0
Pempek Emak Indah,Jakarta Barat,COMBO HALU! 2PC BAKSO ACI INSTANT + 2PC SEBLAK - EMAK INDAH FOOD,89200.0,30.0,4.8
Paulus Plastik,Kab. Sleman,krupuk mentah / seblak / bawang / buryam / lotek / ketoprak 250gr,5400.0,250.0,4.9
IKAN LAUT SEGAR CAK ALFATH,Jakarta Selatan,Kerupuk Seblak Berkualitas 250Gr,12000.0,6.0,5.0
Foodstocks,Jakarta Selatan,Soun Seblak Geprek SAMI RAOS Khas Garut - Soun Seblak,19500.0,27.0,4.7
Aflah Snack,Bekasi,BARU! KERUPUK SEBLAK - TERMURAH [100gram],7500.0,100.0,4.7
Hosana Snack,Bogor,Kerupuk Seblak Mawar / kribo pedas 200 gram,10000.0,250.0,4.7
a grow exia (store),Kab. Bantul,SamiRaos Baso Aci Geprek Tulang Rangu Seblak Baso Urat Yamin Noodle,18950.0,17.0,5.0
temencemalcemil,Jakarta Barat,KRURPUK SEBLAK / KRUPUK BAWANG PEDAS JUMBO 150 GRAM,11000.0,16.0,4.8
Aeeshastore,Bandung,Mie Golosor Mie Kuning Untuk Seblak,6500.0,250.0,4.9
pelangi girls naget,Jakarta Timur,KSN SEBLAK ULEG viral ala mamang rapael,7400.0,30.0,5.0
Markas Makaroni,Kab. Bekasi,krupuk seblak hah pedas gurih 500gr,25000.0,750.0,4.9
Hosana Snack,Bogor,Krupuk Seblak Coin 1 bal,55000.0,24.0,5.0
SNACK JAKARTA 411,Jakarta Barat,Kerupuk Seblak,8000.0,250.0,5.0
Aneka Seblak Nusantara,Tangerang,Paket 7 Pcs Batagor Kuah CARLA Khas Bandung Terdekat,105000.0,0.0,0.0
Snackzone PP,Jakarta Pusat,Kerupuk Seblak Pedas / Kerupuk Seblak Merah,18000.0,16.0,3.5
Toko 780,Tangerang,Nona food seblak instan khas bandung,16000.0,0.0,0.0
CHOCOLAJIT_STORE,Kab. Bandung Barat,seblak kerupuk instan pedas cemilan snack bandung termurah,14900.0,24.0,5.0
the Dhecip,Tangerang Selatan,Seblak Instan Pedas Home Made,3500.0,1000.0,4.8
hikmah berkah jaya,Jakarta Barat,seblak instant sajodo snak,19000.0,750.0,4.8
emmoshop,Kab. Bogor,Mommy Seblak Basah Instant 100gr,10000.0,2000.0,4.9
Pusat Cuankie & Cemilan Frozen,Jakarta Timur,SEBLAK INSTANT TERMURAH,3999.0,10000.0,4.8
Berkahrr,Bekasi,seblak mamang Rafael versi kering,12000.0,10.0,0.0
Anggris store,Kab. Bogor,Kerupuk Seblak / Seblak / Kering Pedas /,10000.0,40.0,4.8
Agen Snack Murah,Jakarta Barat,KRUPUK JABLAY PEDAS 500Gram/KRUPUK SEBLAK/SEBLAK KERING/SNACK KILOAN,22999.0,40.0,4.9
BociKakang,Jakarta Selatan,SEBLAK KERING PEDAS DAUN JERUK,4500.0,500.0,4.6
yumnaa snack,Kab. Bekasi,kerupuk seblak kencur / kerupuk seblak kering - 250gram,12000.0,30.0,4.9
the Dhecip,Tangerang Selatan,Seblak Instan Pedas Home Made,3500.0,1000.0,4.8
hikmah berkah jaya,Jakarta Barat,seblak instant sajodo snak,19000.0,750.0,4.8
emmoshop,Kab. Bogor,Mommy Seblak Basah Instant 100gr,10000.0,2000.0,4.9
Pusat Cuankie & Cemilan Frozen,Jakarta Timur,SEBLAK INSTANT TERMURAH,3999.0,10000.0,4.8
Aliya28,Tangerang Selatan,Seblak/Cuanki/Baso aci/Batagor kuah (instan) 1porsi. toping lengkap,7500.0,100.0,5.0
vieka mart official,Tangerang Selatan,Seblak ala Kang Rafael | Seblak Viral | Seblak Cobek,9216.0,250.0,5.0
TokokelontongSejahtera,Jakarta Barat,KERUPUK SEBLAK VIRAL RAFAEL (MENTAH) 250GR,17500.0,28.0,5.0
arzy sembako,Kab. Bogor,kerupuk seblak rafael 500gram,13800.0,30.0,5.0
Toko NRV Plastik dan Bahan Kue,Bandung,Kerupuk Aci Mawar | Kerupuk Mawar Putih | Seblak Rafael Viral | 250gr,7999.0,100.0,5.0
babykhai,Jakarta Timur,seblak rafael / seblak coet / seblak cocol,7500.0,100.0,4.9
the Dhecip,Tangerang Selatan,Seblak Instan Pedas Home Made,3500.0,1000.0,4.8
Baso Aci Ayang,Kab. Garut,Seblak Instan Komplit Pedas Gurih Nikmat,5999.0,2000.0,4.9
BociKakang,Jakarta Selatan,SEBLAK KERING PEDAS DAUN JERUK,4500.0,500.0,4.6
Aydaa Snack,Surakarta,SEBRING KRUPUK KERUPUK SEBLAK KERING PEDAS DAUN JERUK 1KG CABE ASLI,16000.0,40.0,4.9
RIKI STORE 97,Kab. Bogor,Seblak pedas kerupuk pedas kiloan 1 kg,34000.0,70.0,4.8
Gerai Snack Official Shop,Kab. Tangerang,Mie Seblak Geprek Sami Raos Khas Garut Seblak Instant Kekinian 160gr,18700.0,100.0,4.8
kylafood,Bandung,PAKET HEMAT (2 Seblak original - Seblak Karuhun - Cireng Bumbu Rujak),53250.0,750.0,4.9
KAMI FOODS,Kab. Tasikmalaya,CEMILAN KERUPUK SEBLAK - PEDAS - 250gr | ANEKA SNACK LOKAL,14700.0,0.0,0.0
Mokosnacksby,Surabaya,Best Seller seblak aci pedas / cemilan pedas / seblak siomay 250gr,15000.0,60.0,4.9
Lakoca Official Shop,Cimahi,Paket Isi 4 Batagor Instan | Makaroni Basah | Seblak Basah,64906.0,30.0,4.9
Mo_toko,Tangerang Selatan,Seblak Baso Aci Tulang Rangu Homemade Cemilan Instant Lokal,21730.0,30.0,4.8
3Key Frozen,Tangerang,Seblak Instan Carla 100gr,14000.0,30.0,5.0
Mochae shop,Bandung,Indomie Kuah Rasa Seblak Jeletot,2850.0,500.0,5.0
Keripik Mbok Emplok,Surabaya,TERLARISS KERUPUK SEBLAK MAWAR SEBLAK KERING PEDAS NDOWERR,15000.0,5.0,5.0
Toko NRV Plastik dan Bahan Kue,Bandung,Kerupuk Oren Seblak Tenggiri | Kerupuk Bubur | Mutiara Sari | 1 Ball,64999.0,1.0,5.0
Al Dien Mart,Tangerang,Seblak Mercon Komplit Khas Tasik 150gr,9500.0,21.0,4.6
De Kriuk,Kab. Brebes,Kerupuk Mawar Putih Bulat Mentah / Bahan Seblak 1kg Gurih dan Enak,11000.0,5.0,5.0
Bosmart99,Jakarta Selatan,Kerupuk merah 1Kg mentah untuk nasi uduk bubur ayam bahan seblak murah,24000.0,250.0,4.9
ivy's-kitchen,Kab. Tangerang,PROMO !!!! Seblak Instan Beli 20 free 1 Murah Enak,4550.0,500.0,4.8
Kickball Official,Bandung,seblak basah instan komplit 200gr,12000.0,50.0,5.0
kylafood,Bandung,"Paket Happy (Seblak Original, Batagor Kuah, Bacil)",53625.0,500.0,4.9
Gerai Snack Official Shop,Kab. Tangerang,Seblak Instant Basranger Extra Pedas Daun Jeruk (200gr),17300.0,100.0,4.8
Bawang Goreng Nion Nion,Tangerang Selatan,"Kerupuk Seblak Pedas 100 Gram, Kerupuk Seblak Daun Jeruk Gurih Renyah",13688.0,20.0,4.5
Gerai Snack Official Shop,Kab. Tangerang,Seblak Kuah Instant Terciduk Khas Bandung Extra Mie Telur Best Seller,17300.0,50.0,4.5
SAVA STORE,Jakarta Selatan,"SEBLAK KERING WARWAR SEBRING KERIPIK PEDAS BY DAILY FOOD - PEDAS, +KARDUS",8900.0,3.0,5.0
Akun_Kuliner,Tangerang Selatan,cimol seblak pedas 200gr,10000.0,13.0,5.0
ArfaOnlineShop,Tangerang,MIE BURUNG DARA ISI 30 PCS BASO ACI/BOCI/SEBLAK,22000.0,40.0,4.6
TOSERDA,Bandung,Kerupuk Seblak Pedas Ikan Pink Hareudang,15680.0,250.0,4.7
Storio Store,Tangerang Selatan,Kerupuk Krupuk Seblak Merah Kering Pedas Oleh Oleh Bandung Odjolali,10500.0,19.0,4.7
My snack910,Jakarta Selatan,Seblak Kering Cimol,11000.0,12.0,5.0
lisdhacollection,Kab. Garut,Seblak Komplit⠀⠀,5500.0,1000.0,4.8
Akang Kripik,Jakarta Timur,STIK KERUPUK SEBLAK PEDAS 250 GRAM,20000.0,15.0,5.0
Seblak Jeletet Murni,Jakarta Pusat,SEBLAK JELETET MURNI (UNYUU),26500.0,250.0,4.8
Pusat Cuankie & Cemilan Frozen,Jakarta Timur,Cuankie Tahu Gepeng Topping Baso Aci Seblak,29000.0,100.0,4.9
aghniya,Tangerang Selatan,"siomay mini kering 250 gr enak renyah untuk basoaci,seblak,cemilan dll",9999.0,90.0,4.9
Yuhuu snack,Kab. Karawang,Krupuk seblak viral PEDAS SEDANG 100 gr,3500.0,0.0,0.0
kualikika,Kab. Tangerang,Seblak Basah Instant Pedas / Extra Pedas - Extra Pedas,20000.0,40.0,5.0
Gerai Snack Official Shop,Kab. Tangerang,Bundling 3 - Seblak Bapper - Seblak Basranger - Seblak Terciduk,54000.0,8.0,0.0
segilapan,Jakarta Barat,Seblak NENE Instan - PEDAS GURIH MANTAP,15000.0,0.0,0.0
Gerai Snack Official Shop,Kab. Tangerang,Seblak Basah Instan Good Friend (90gr),15500.0,40.0,5.0
Pempek Emak Indah,Jakarta Barat,COMBO HALU! 5PC SEBLAK MIE HALU - EMAK INDAH FOOD,123999.0,6.0,5.0
Aneka Sayuran Segar,Jakarta Utara,KERUPUK OREN - KERUPUK SEBLAK MENTAH - 500GRAM - ANEKA SAYURAN SEGAR,10000.0,80.0,4.9
uus shop 02,Surabaya,kerupuk seblak mawar pedas daun jeruk,7999.0,30.0,4.8
TiTasix Tutug Oncom (TO),Tasikmalaya,Seblak Coet Instan / Seblak Cobek / Seblak Cocol / Seblak Original,8900.0,0.0,0.0
Onesupp Acc,Jakarta Barat,Toping Seblak Baso Aci PAKET MIX 150pcs Cuanki Lidah Siomay dan Baso T,77280.0,6.0,5.0
G Cakery,Jakarta Pusat,KERUPUK SEBLAK SEBRING PEDAS,43610.0,25.0,5.0
seblakblakan,Kab. Sukabumi,SEBLAK BLAKAN | Seblak & Baso Aci Instan JUMBO Asli Sukabumi,17000.0,16.0,5.0
Seblak putra bandung,Kab. Bandung,Seblak basreng pedas original daun jeruk stik 100gr,5000.0,4000.0,4.8
Arkadewi11,Jakarta Selatan,[TERMURAH] KERUPUK SEBLAK MENTAH / KRUPUK KERING / KERIPIK ANEKA,7000.0,4.0,5.0
Official Kartika Sari,Bandung,Seblak Koin,17500.0,250.0,5.0
Toko Camilan Anyar,Surabaya,Kerupuk Seblak Kencur / Seblak Jablay Viral @100-500gr,9000.0,50.0,4.9
pusatjajanan_,Kab. Bekasi,KERUPUK SEBLAK BANTET PEDAS GURIH 200 GRAM,15000.0,100.0,4.7
shofia snack bekasi,Kab. Bekasi,kerupuk seblak kencur pedas,15000.0,100.0,4.9
rumahtamma,Jakarta Barat,"Seblak Bapper / Produk Baru, Enak, Pedas Nikmat Best Seller",16000.0,100.0,4.3
fey snack,Depok,kerupuk seblak,10000.0,100.0,4.9
Pedas Gilaa,Surabaya,Cuanki Tahu Keriting Panjang Topping Baso Aci / Seblak Khas Garut,14999.0,100.0,5.0
RN FROZEN FOOD,Jakarta Selatan,Seblak Instan Kwetiaw,13500.0,8.0,5.0
Kricep,Surabaya,kerupuk seblak kering pedas daun jeruk 200gr,6999.0,30.0,4.9
Snackzone PP,Jakarta Pusat,Kerupuk Seblak Pedas / Kerupuk Seblak Merah,18000.0,16.0,3.5
anugrah seblak,Kab. Bandung,"(COD) seblak kering kerupuk jengkol bumbu basah,pedas",25000.0,28.0,4.8
Hosana Snack,Bogor,Krupuk Seblak Kencur 250 gram,10000.0,100.0,4.9
jajanangarut19,Jakarta Selatan,SEBLAK KERING 100gr DUA VARIAN RASA,9000.0,100.0,4.5
DRSukses,Jakarta Selatan,kerupuk bawang pedas seblak plastik 250gr,26500.0,16.0,5.0
Merbabu Food,Tangerang Selatan,Muria Snack Seblak Stick Cabe Merah x 10pcs (Bisa Same Day Delivery),55000.0,3.0,5.0
Pedas Gilaa,Surabaya,Kerupuk Seblak Kering Sebring Pedas Daun Jeruk 100gr,6000.0,500.0,4.9
SuperSnacksShop,Kab. Bandung,KRUPUK / KERUPUK MENTAH / KERUPUK SEBLAK MENTAH 1kg KEONG WARNA,21000.0,100.0,5.0
AQILA FROZEN FOOD JAKARTA,Jakarta Selatan,KERUPUK SEBLAK KENCUR PEDAS 1kG,45000.0,40.0,4.8
Tukangsayurmbakyu,Tangerang Selatan,Kerupuk seblak pedas,15900.0,60.0,4.6
Foodshopindonesia,Jakarta Barat,Seblak Jengkol 150g Makanan ringan Snack Cemilan termurah terenak,10000.0,30.0,4.9
Storio Store,Tangerang Selatan,Kerupuk Krupuk Seblak Putih Kering Pedas Oleh Oleh Bandung Odjolali,10500.0,30.0,4.5
borneoveggiemart,Bekasi,Sogan Mie Kremes Vegan Rasa Seblak 100gr,9500.0,30.0,4.9
DILLADYSTORE,Malang,KERUPUK SEBLAK MAKNYIK,18000.0,50.0,4.9
anugrah seblak,Kab. Bandung,promo 3000 seblak basreng gurih dan renyah,3000.0,1000.0,4.9
Tukangsayurmbakyu,Tangerang Selatan,Paket seblak bakso untuk 3 porsi,29000.0,30.0,5.0
hilmandza,Kab. Tangerang,KERUPUK SEBLAK PEDAS 200g,12000.0,30.0,5.0
Y&M Snack,Bandung,kerupuk Seblak Putih 100 gram,5500.0,100.0,4.9
lahawelah,Kab. Garut,50pcs LIDAH Cuanki Batagor bahan Pelengkap Boci seblak dan cuanki,15119.0,250.0,4.9
ArfaOnlineShop,Tangerang,PAKET KOMPLIT BUMBU BASO ACI/BOCI/CUANKI/SEBLAK ECERAN,1200.0,250.0,5.0
D'gegaresan,Jakarta Utara,KERUPUK SEBLAK VIRAL RAFAEL ,5500.0,90.0,5.0
gaiagarut,Kab. Garut,"Cuanki Lidah 150pcs Toping Baso Aci, Seblak khas Garut",36959.0,3000.0,4.9
RF_Glosir-Jacket,Kab. Garut,seblak komplit instan terlaris pedas gurih asli Garut khas ibu ida,5700.0,0.0,0.0
Bintang Snack & Camilan,Semarang,Seblak 250 gram,9500.0,80.0,5.0
SAVA STORE,Jakarta Selatan,"KERIPIK PEDAS SEBLAK KERING WARWAR SEBRING BY DAILY FOOD - PEDAS, TanpaKardus",8500.0,9.0,5.0
iwan resistans leather,Kab. Garut,"Seblak kuah instan , Seblak khas garut",6000.0,15.0,4.7
CHOCOLAJIT_STORE,Kab. Bandung Barat,kerupuk seblak kering pedas termurah,14900.0,3.0,5.0
the Dhecip,Tangerang Selatan,Seblak Instan Pedas Home Made,3500.0,1000.0,4.8
hikmah berkah jaya,Jakarta Barat,seblak instant sajodo snak,19000.0,750.0,4.8
emmoshop,Kab. Bogor,Mommy Seblak Basah Instant 100gr,10000.0,2000.0,4.9
Pusat Cuankie & Cemilan Frozen,Jakarta Timur,SEBLAK INSTANT TERMURAH,3999.0,10000.0,4.8
Berkahrr,Bekasi,seblak mamang Rafael versi kering,12000.0,10.0,0.0
Anggris store,Kab. Bogor,Kerupuk Seblak / Seblak / Kering Pedas /,10000.0,40.0,4.8
Agen Snack Murah,Jakarta Barat,KRUPUK JABLAY PEDAS 500Gram/KRUPUK SEBLAK/SEBLAK KERING/SNACK KILOAN,22999.0,40.0,4.9
BociKakang,Jakarta Selatan,SEBLAK KERING PEDAS DAUN JERUK,4500.0,500.0,4.6
yumnaa snack,Kab. Bekasi,kerupuk seblak kencur / kerupuk seblak kering - 250gram,12000.0,30.0,4.9
the Dhecip,Tangerang Selatan,Seblak Instan Pedas Home Made,3500.0,1000.0,4.8
hikmah berkah jaya,Jakarta Barat,seblak instant sajodo snak,19000.0,750.0,4.8
emmoshop,Kab. Bogor,Mommy Seblak Basah Instant 100gr,10000.0,2000.0,4.9
Pusat Cuankie & Cemilan Frozen,Jakarta Timur,SEBLAK INSTANT TERMURAH,3999.0,10000.0,4.8
Aliya28,Tangerang Selatan,Seblak/Cuanki/Baso aci/Batagor kuah (instan) 1porsi. toping lengkap,7500.0,100.0,5.0
vieka mart official,Tangerang Selatan,Seblak ala Kang Rafael | Seblak Viral | Seblak Cobek,9216.0,250.0,5.0
TokokelontongSejahtera,Jakarta Barat,KERUPUK SEBLAK VIRAL RAFAEL (MENTAH) 250GR,17500.0,28.0,5.0
arzy sembako,Kab. Bogor,kerupuk seblak rafael 500gram,13800.0,30.0,5.0
Toko NRV Plastik dan Bahan Kue,Bandung,Kerupuk Aci Mawar | Kerupuk Mawar Putih | Seblak Rafael Viral | 250gr,7999.0,100.0,5.0
babykhai,Jakarta Timur,seblak rafael / seblak coet / seblak cocol,7500.0,100.0,4.9
the Dhecip,Tangerang Selatan,Seblak Instan Pedas Home Made,3500.0,1000.0,4.8
Baso Aci Ayang,Kab. Garut,Seblak Instan Komplit Pedas Gurih Nikmat,5999.0,2000.0,4.9
BociKakang,Jakarta Selatan,SEBLAK KERING PEDAS DAUN JERUK,4500.0,500.0,4.6
Aydaa Snack,Surakarta,SEBRING KRUPUK KERUPUK SEBLAK KERING PEDAS DAUN JERUK 1KG CABE ASLI,16000.0,40.0,4.9
RIKI STORE 97,Kab. Bogor,Seblak pedas kerupuk pedas kiloan 1 kg,34000.0,70.0,4.8
iwan resistans leather,Kab. Garut,"Seblak kuah instan , Seblak khas garut",6000.0,15.0,4.7
kylafood,Bandung,Paket k.y.l (3 Seblak Original 2 Batagor kuah) Kylafood,86210.0,3000.0,4.9
iwan resistans leather,Kab. Garut,"Seblak kuah instan , Seblak khas garut a",6000.0,19.0,4.5
R~snack,Jakarta Timur,Krupuk seblak pedass,12000.0,0.0,0.0
Bintang Snack & Camilan,Semarang,kerupuk seblak pedas 1 kg,13500.0,100.0,5.0
D'gegaresan,Jakarta Utara,KERUPUK SEBLAK VIRAL RAFAEL ,5500.0,90.0,5.0
gaiagarut,Kab. Garut,"Cuanki Lidah 150pcs Toping Baso Aci, Seblak khas Garut",36959.0,3000.0,4.9
Ghery Durian Shop,Jakarta Timur,Seblak Instan Yuk In,11000.0,30.0,5.0
ngemilogi,Jakarta Barat,Seblak Siomay Kering 2in1-Pedas Lvl5 Tsaqil 80gr-Somay Snack Ngemilogi,14700.0,8.0,5.0
fahirastores,Kab. Bandung Barat,siomay mini kering 1kg / cuanki / batagor / seblak / bakso aci,27000.0,100.0,4.9
Agen Snack Murah,Jakarta Barat,KRUPUK JABLAY PEDAS 220GR/KRUPUK SEBLAK/CEMILAN SNACK/SNACK KILOAN.,11000.0,30.0,4.8
JAGO TOK PETOK,Surabaya,kerupuk seblak kering pedas 100 gr keripik hot spicy camilan,5000.0,100.0,4.9
CuankiCulametan,Kab. Garut,Cuanki lidah murah kiloan isi 150 toping seblak baso aci,32500.0,100.0,5.0
Pusat Cuankie & Cemilan Frozen,Jakarta Timur,Kerupuk Tangga / Rante Topping Seblak,3000.0,100.0,4.8
Rasaolshop,Kab. Bogor,Cigor Laser Jumbo 225 gr Seblak,10500.0,0.0,0.0
Pasar Keripik,Bandung,Pasar Keripik Cimol Seblak Pedas size Kecil 130g,12500.0,500.0,4.9
Snack Zone Official,Jakarta Selatan,keripik seblak pedas jeruk,18000.0,70.0,4.9
CHOCOLAJIT_STORE,Kab. Bandung Barat,kerupuk seblak kering bandung,14900.0,28.0,5.0
BOSofficial,Kab. Garut,"kerupuk seblak pedas dan gurih daun jeruk - Original, 1 kg",50000.0,0.0,0.0
The Little Snacks,Tangerang Selatan,Batagor Chips BeChips Keripik Batagor Khas Bandung Cemilan Kekinian,19900.0,90.0,5.0
5Fingers,Tangerang Selatan,Seblak Basah Mommy/Camilan/Kerupuk/Snack/Cepat Saji/Siap Saji/Instant,13000.0,11.0,5.0
ken-olshop,Bekasi,Kerupuk Jablay Bantet Seblak isi 10 pcs,9500.0,100.0,5.0
Snack Zone Official,Jakarta Selatan,Kerupuk Seblak Pedas Mimi,18000.0,70.0,4.9
ArfaOnlineShop,Tangerang,BUBUK CABAI/CABE BASO ACI/BOCI/SEBLAK/CUANKI ECERAN,699.0,250.0,5.0
ArfaOnlineShop,Tangerang,cuankie/cuanki lidah isi 150 pcs khas Garut baso Aci /boci seblak,46999.0,24.0,4.6
ken-olshop,Bekasi,seblak ceker pedas kerupuk,9000.0,250.0,5.0
Alanza Frozen Food,Tangerang Selatan,Sami Raos Baso MIE SEBLAK Geprek Khas Garut 135 Gram,16500.0,16.0,5.0
Toko Toni Jaya Mandiri,Kab. Bekasi,Krupuk Seblak Pedas Kencur 500 gram Terlaris,33000.0,13.0,5.0
Pusat Baso Aci,Surabaya,Baso Aci GEPREK Seblak GEPREK boci instant samiraos boci geprek tulang,15300.0,30.0,4.8
Seblak putra bandung,Kab. Bandung,seblak kerupuk kering pedas gurih 100 gram,5000.0,100.0,4.8
Militan Snack,Kab. Sidoarjo,Seblak Kuah Instan Pedas Militan Jeletot Pedas Cuanki Bandung - Cemen,18000.0,25.0,0.0
CEMILAGIH,Kab. Garut,Kerupuk Seblak Bantat Bintang pedas,12900.0,27.0,5.0
Snack Zone Official,Jakarta Selatan,keripik seblak pedas putih,18000.0,70.0,4.9
Juhalim Store,Kab. Garut,seblak kerupuk bantet pedas-kerupuk bantet wana-seblak pedas-seblak,15000.0,15.0,5.0
KAMI FOODS,Kab. Tasikmalaya,SUDES - SEBLAK INSTAN PANGGANG - TINGGAL SEDUH PRAKTIS |  KHAS TASIK,10000.0,0.0,0.0
Astar Food,Bandung,BATAGOR CUANKI TAHU KERING SIOMAI SIOMAY SEBLAK 150GR TOPING BASO MIE,7500.0,100.0,4.8
Morgan's Mart,Jakarta Barat,Ten's Mie Kremes 65gr | Original Seblak Vegan Friendly,11000.0,10.0,5.0
bangkit jaya snack,Bekasi,kerupuk seblak keriting/seblak kriting/kerupuk seblak,30000.0,25.0,4.7
Raden Food,Bekasi,seblak instan,11000.0,90.0,5.0
SJB Market,Bandung,Kerupuk Aci Seblak - SJB Market,5000.0,16.0,5.0
Seblak putra bandung,Kab. Bandung,Seblak kerupuk mawar pedas ekstra daun jeruk 100 gram,5000.0,100.0,4.7
basreng_medok,Jakarta Barat,Kerupuk Seblak Garing 100gram Termurah,10000.0,100.0,4.9
kylafood,Bandung,"Paket Happy (Seblak Original, Batagor Kuah, Bacil)",53625.0,500.0,4.9
gaiagarut,Kab. Garut,Cuanki Baso Tahu Kering ISI 150pcs untuk Seblak dan baso aci,36959.0,1000.0,4.9
JURAGAN IKAN LAUT,Jakarta Selatan,Kerupuk Seblak Mentah Berkualitas - 250 Gram,10000.0,8.0,5.0
BuddhiSMART,Tangerang,Kerupuk Mentah Mawar Putih Seblak Viral Bawang 1 Bal 5 Kg,95000.0,1.0,0.0
ArfaOnlineShop,Tangerang,BUMBU KUAH CUANKI BASO ACO/BOCI SEBLAK ECERAN,699.0,500.0,4.9
gilang snack 99,Kab. Bogor,kerupuk seblak kencur kerupuk jablay pedas daun jeruk murah bandung,80000.0,80.0,4.8
Endo Shop ID,Kab. Garut,"500 pcs Cuanki Lidah Kemasan Besar Topping Baso aci, seblak, cuanki",106000.0,250.0,4.9
Snackzone KK,Jakarta Selatan,Kerupuk seblak putih,18000.0,20.0,5.0
hilmandza,Kab. Tangerang,Seblak Baso Aci Instan,13500.0,6.0,5.0
Akun_Kuliner,Tangerang Selatan,kerupuk sebelak daun jeruk/kerupuk Seblak pedas,10000.0,16.0,5.0
ajs(ale jaya snack),Jakarta Utara,KERUPUK SEBLAK KENCUR PEDAS 1KG/SNACK KILOAN,41000.0,2.0,5.0
Mokosnacksby,Surabaya,Krupuk Seblak Kencur Seblak Jablay 250gr,12500.0,250.0,4.9
Distributor-Jaya,Tangerang,Kerupuk Bawang Warna Putih Dan Orange 500Gram Seblak Nasi Uduk Dll,11000.0,100.0,4.9
tukangsayurjkt,Jakarta Selatan,kerupuk bawang mentah/kerupuk seblak/kerupuk warna warni 1kg,37000.0,30.0,5.0
Pasar Keripik,Bandung,Pasar Keripik Cimol Seblak Pedas size Kecil 130g,12500.0,500.0,4.9
ArfaOnlineShop,Tangerang,BUMBU KUAH KOMPLIT EXRA REMPAH BASO ACI/SEBLAK/BOCI MURAH,1999.0,100.0,4.5
Seblak Cilookba,Kab. Bandung Barat,seblak colok karuhun,13000.0,50.0,4.8
samudrasembako,Jakarta Barat,INDOMIE HYPE ABIS RASA SEBLAK HOT JELETOT 75 GR,2800.0,250.0,4.6
AUFARO SNACK,Kab. Bandung Barat,seblak instant komplit bumbu cikruh bandung aufaro snack,6400.0,250.0,4.9
IKAN SEGAR CAK ADNAN,Jakarta Selatan,Kerupuk Seblak/Nasgor Mentah 250gr,10000.0,7.0,5.0
Gerai Snack Official Shop,Kab. Tangerang,Seblak Basah Instan Good Friend (90gr),15500.0,40.0,5.0
Keripik Edun Bandung,Kab. Bandung,Kerupuk Seblak Kering Putih Ngembang Khas Keripik Pojok Riki Mang Odod,13999.0,18.0,5.0
Kudapan,Jakarta Pusat,Kerupuk Seblak Rafael,10000.0,7.0,0.0
Snackzone KK,Jakarta Selatan,kerupuk seblak mini,18000.0,20.0,5.0
RIKI STORE 97,Kab. Bogor,Sabring kerupuk seblak jablay pedas Jumbo,14500.0,20.0,4.8
KRIUK JAYA,Jakarta Barat,Kerupuk SEBLAK KERITING PEDAS ( 1 Kg ),79000.0,8.0,5.0
Astar Food,Bandung,SIOMAY SIOMAI KERING SEBLAK SOMAI MINI 250 GR,7500.0,100.0,4.8
SuperSnacksShop,Kab. Bandung,KRUPUK / KERUPUK MENTAH / KERUPUK SEBLAK MENTAH 1kg SLONDOK,21000.0,100.0,4.9
Distributor Cuanki dan Seblak,Kab. Bekasi,cuanki tahu pasung kering toping seblak baso Aci bakso cuanki 150 pcs,34000.0,60.0,5.0
Toko Everyday Need,Kab. Bogor,kerupuk seblak pedas,10000.0,6.0,5.0
SPM Market,Jakarta Selatan,Kerupuk Oren Seblak Bubur Mentah [250 g],12500.0,13.0,5.0
Snackzone KK,Jakarta Selatan,Kerupuk seblak merah,18000.0,28.0,4.9
Clower Mart,Jakarta Barat,Oifyoo Seblak Mozarella,22000.0,24.0,4.8
yossy food,Kab. Karawang,seblak instan YS,5500.0,500.0,0.0
kylafood,Bandung,Kylafood Paket ( 2 Seblak Original 3 Batagor Kuah ),91390.0,250.0,4.9
FrescaFresco,Tangerang Selatan,Seblak Goreng Nyuuuus,22500.0,0.0,0.0
Ladjangfood,Bandung,seblak instan varian bihun,10000.0,2.0,0.0
kylafood,Bandung,Seblak Mie Tulang Rawan k.y.l Kylafood,17150.0,3000.0,4.9
the Dhecip,Tangerang Selatan,Seblak Instan Pedas Home Made,3500.0,1000.0,4.8
hikmah berkah jaya,Jakarta Barat,seblak instant sajodo snak,19000.0,750.0,4.8
emmoshop,Kab. Bogor,Mommy Seblak Basah Instant 100gr,10000.0,2000.0,4.9
Pusat Cuankie & Cemilan Frozen,Jakarta Timur,SEBLAK INSTANT TERMURAH,3999.0,10000.0,4.8
Berkahrr,Bekasi,seblak mamang Rafael versi kering,12000.0,10.0,0.0
Anggris store,Kab. Bogor,Kerupuk Seblak / Seblak / Kering Pedas /,10000.0,40.0,4.8
Agen Snack Murah,Jakarta Barat,KRUPUK JABLAY PEDAS 500Gram/KRUPUK SEBLAK/SEBLAK KERING/SNACK KILOAN,22999.0,40.0,4.9
BociKakang,Jakarta Selatan,SEBLAK KERING PEDAS DAUN JERUK,4500.0,500.0,4.6
yumnaa snack,Kab. Bekasi,kerupuk seblak kencur / kerupuk seblak kering - 250gram,12000.0,30.0,4.9
the Dhecip,Tangerang Selatan,Seblak Instan Pedas Home Made,3500.0,1000.0,4.8
hikmah berkah jaya,Jakarta Barat,seblak instant sajodo snak,19000.0,750.0,4.8
emmoshop,Kab. Bogor,Mommy Seblak Basah Instant 100gr,10000.0,2000.0,4.9
Pusat Cuankie & Cemilan Frozen,Jakarta Timur,SEBLAK INSTANT TERMURAH,3999.0,10000.0,4.8
Aliya28,Tangerang Selatan,Seblak/Cuanki/Baso aci/Batagor kuah (instan) 1porsi. toping lengkap,7500.0,100.0,5.0
vieka mart official,Tangerang Selatan,Seblak ala Kang Rafael | Seblak Viral | Seblak Cobek,9216.0,250.0,5.0
TokokelontongSejahtera,Jakarta Barat,KERUPUK SEBLAK VIRAL RAFAEL (MENTAH) 250GR,17500.0,28.0,5.0
arzy sembako,Kab. Bogor,kerupuk seblak rafael 500gram,13800.0,30.0,5.0
Toko NRV Plastik dan Bahan Kue,Bandung,Kerupuk Aci Mawar | Kerupuk Mawar Putih | Seblak Rafael Viral | 250gr,7999.0,100.0,5.0
babykhai,Jakarta Timur,seblak rafael / seblak coet / seblak cocol,7500.0,100.0,4.9
the Dhecip,Tangerang Selatan,Seblak Instan Pedas Home Made,3500.0,1000.0,4.8
Baso Aci Ayang,Kab. Garut,Seblak Instan Komplit Pedas Gurih Nikmat,5999.0,2000.0,4.9
BociKakang,Jakarta Selatan,SEBLAK KERING PEDAS DAUN JERUK,4500.0,500.0,4.6
Aydaa Snack,Surakarta,SEBRING KRUPUK KERUPUK SEBLAK KERING PEDAS DAUN JERUK 1KG CABE ASLI,16000.0,40.0,4.9
RIKI STORE 97,Kab. Bogor,Seblak pedas kerupuk pedas kiloan 1 kg,34000.0,70.0,4.8
Nasyadia shopestore,Cimahi,seblak sosis/pansos ekonomis,6000.0,0.0,0.0
The Little Snacks,Tangerang Selatan,Paket Cemilan Spicy Lover Serba Pedas Sangar Gurilem/Basreng/Sumpia,59000.0,100.0,4.9
Cookies & Snack,Denpasar,"Keripik Seblak Pedas / Snack Spicy Homemade, Cemilan, Kerupuk - 100 gr",12000.0,0.0,0.0
Gerai Singawada,Kab. Majalengka,Seblak Pedas Kicimpring Iyagasih,15000.0,6.0,5.0
Cookies & Snack,Denpasar,"Keripik Seblak Pedas / Snack Spicy Homemade, Cemilan, Kerupuk, Jajan - 50 gr",6000.0,0.0,0.0
Distributor Cuanki dan Seblak,Kab. Bekasi,cuanki tahu pasung kering toping seblak baso Aci bakso cuanki 50 pcs,15000.0,70.0,4.9
Kenal Jaya Bandung,Bandung,BOBOKO Kerupuk Seblak Kering,13999.0,100.0,5.0
duniacemilan,Bandung,[TERMURAH!!] Seblak Instant Basranger Extra Pedas 200gram,13790.0,100.0,5.0
pasarbadung,Denpasar,Krupuk Seblak Kencur Pedes 250 gr,21000.0,26.0,5.0
Gerai Snack Official Shop,Kab. Tangerang,"Seblak Bantat Boboko Pedas Daun Jeruk Level 7,8,9 (200gr)",15900.0,100.0,5.0
sentosa jaya cuanki,Kab. Garut,Seblak Instan extraHot,4200.0,5000.0,4.9
TokokelontongSejahtera,Jakarta Barat,KERUPUK SEBLAK /MAWAR VIRAL 1 KG (MENTAH)/ KERUPUK SEBLAK MAMANG,31000.0,5.0,5.0
Toko NRV Plastik dan Bahan Kue,Bandung,Kerupuk Putih Seblak Tenggiri | Mutiara Sari | 250gram | Kiloan Mentah,4999.0,40.0,5.0
Kurniarasa Baltos,Bandung,KERUPUK SEBLAK PUTIH PEDAS 250 gr,16000.0,100.0,4.9
zhafran_id,Kab.Ciamis,Kerupuk seblak jengkol extra pedas 1kg krupuk jengkol pedas murah,20000.0,30.0,4.2
Rak Sebelah,Jakarta Pusat,JagooBdgFood Seblak Simple Pedas 100gr - Ready to Cook Siap Saji Spicy,20900.0,4.0,0.0
kylafood,Bandung,Seblak Tulang Rawan k.y.l Kylafood,16450.0,8000.0,4.9
Rasa Juara Indonesia,Bandung,CUANKIE JUARA! CUANKIE JAJANAN KULINER ENAK KHAS BANDUNG VARIAN RASA - 6 Ayam Bwg (AB),115000.0,500.0,4.9
CuankiCulametan,Kab. Garut,Cuanki lidah murah kiloan isi 150 toping seblak baso aci,32500.0,100.0,5.0
kaleastores,Kab. Banyuwangi,Kerupuk seblak - cemilan murah kaleastores,13500.0,0.0,0.0
Dapur Kumis,Surabaya,Seblak kuah instan,5000.0,100.0,4.8
Jagain_id,Kab. Garut,Cuanki Lidah Ikan Tenggiri (Isi 150 Pc) |Toping Baso aci|Toping seblak,15500.0,30.0,4.7
UnikidsOnline,Jakarta Barat,Mommy Seblak Instant,13000.0,100.0,4.9
TTH-grocerystore,Bandung,KERUPUK SEBLAK VIRAL RAFAEL BUNGA PUTIH,8500.0,16.0,0.0
Raskitchenn,Kab. Sidoarjo,Topping Baso Aci Seblak - Topping Extra Cuanki Lidah Tahu Sukro Cikur,4999.0,13.0,5.0
DelimaFCB,Surabaya,Kerupuk Bawang Seblak Bintang Mentah / Kerupuk Tersanjung 100 gram,4000.0,6.0,5.0
makaronihaho,Malang,kripik seblak kering pedas,5000.0,250.0,4.9
aghniya,Tangerang Selatan,cuanki lidah untuk baso aci dan seblak,15999.0,1000.0,4.8
VITHAFROZEN,Malang,Seblak Instan,7000.0,7.0,4.3
Ayyabina & Hijab Alila,Jakarta Barat,Seblak Koko Instan Non MSG HALAL MUI CEMILAN ENAK KUAH (POUCH),22000.0,22.0,4.8
CuankiCulametan,Kab. Garut,Cuanki Pangsit kering Segitiga Cipet isi 40 toping seblak baso aci,13000.0,100.0,4.9
Foodstocks,Jakarta Selatan,Sami Raos Cuanki Geprek Instan,18270.0,25.0,4.8
Mo_toko,Tangerang Selatan,Soaci Seblak Baso Aci Homemade Makanan Instant Lokal,19750.0,19.0,4.7
CUANKI CULAMETAN,Kab. Garut,cuanki tahu gepeng isi 100 pcs toping seblak bsso aci,38999.0,80.0,4.9
CuankiCulametan,Kab. Garut,siomay mini kering 1kg / gurilem toping seblak baso aci cuanki,25000.0,90.0,4.9
diametuah,Kab. Bogor,Kerupuk Seblak Keto,60000.0,15.0,5.0
inacio19,Bekasi,(0_0) 250g Kerupuk mentah / kerupuk seblak / kerupuk warna warni /,7000.0,0.0,0.0
Ning Mart,Tangerang,indomie seblak hot jeletot,3000.0,500.0,5.0
yumnaa snack,Kab. Bekasi,pilus cikur / pilus seblak baso aci - 250gram,10990.0,30.0,4.8
KingStairs-Store (ANNAFI STORE),Palembang,Kerupuk Seblak,14000.0,27.0,5.0
masulah,Surabaya,krupuk mentah seblak,4500.0,0.0,0.0
Frozen Food 28,Kab. Bekasi,"Kerupuk Keripik Seblak Kencur 500gr Pedas,Kerupuk Seblak Kering Jablay",21500.0,12.0,5.0
Toko Yazid Cita Rasa,Bandung,kerupuk seblak kering pedas daun jeruk 250 gram,15000.0,4.0,5.0
Madinah Oleh Oleh Bdg,Bandung,KERUPUK SEBLAK CABE IJO,18000.0,100.0,4.7
SuperSnacksShop,Kab. Bandung,KRUPUK / KERUPUK MENTAH / KERUPUK SEBLAK MENTAH 200 GR MAWAR KUNING,5000.0,25.0,5.0
Bosmart99,Jakarta Selatan,Kerupuk merah 250g mentah tuk nasi uduk bubur ayam bahan seblak murah,7000.0,80.0,4.9
kakai_store10,Kab. Bantul,SEBLAK instan Murah ENak Lengkap,6500.0,26.0,5.0
Eshoppe,Jakarta Utara,"Seblak Kerupuk Bawang "" Cap Warung "" 120 gram Snack Makanan Ringan",9000.0,80.0,4.9
joeragan baroe,Bandung,Kerupuk seblak viral seblak rafael 250 gram,7500.0,12.0,5.0
Super Grosir Mama,Jakarta Selatan,Indomie HypeAbis Rasa Seblak Hot Jeletot 75gr 10pcs,30850.0,100.0,5.0
kappa center,Tangerang,Seblak Geprek,19000.0,20.0,5.0
Makanan_Ku19,Jakarta Timur,kerupuk pedas seblak,10000.0,17.0,5.0
aghniya,Tangerang Selatan,"pilus cikur/kencur renceng isi 20 bks. baso aci, seblak, cemilan dll",9999.0,250.0,5.0
Pusat Cuankie & Cemilan Frozen,Jakarta Timur,TAHU STICK / TAHU KERITING ISI 50 PCS TOPPING BASO ACI / SEBLAK,16000.0,16.0,5.0
kylafood,Bandung,Paket k.y.l (3 Seblak Original 2 Batagor kuah) Kylafood,86210.0,3000.0,4.9
Keripik Edun Bandung,Kab. Bandung,Kerupuk Seblak Kering Putih Ngembang Khas Keripik Pojok Riki Mang Odod,13999.0,18.0,5.0
Agen Snack Jakarta,Kab. Bogor,Kerupuk Seblak 200gr,13000.0,11.0,5.0
bangkit jaya snack,Bekasi,kerupuk seblak kencur pedas,13000.0,70.0,4.9
kikuk kriuk,Cimahi,KERUPUK SEBLAK,12500.0,100.0,4.8
Itabilashop,Cimahi,itabilashop krupuk seblak keriting aneka rasa [100gr],9000.0,23.0,5.0
dakar_ofc,Kab. Mojokerto,SEBLAK INSTAN ORI/SEBLAK INSTAN KERUPUK/SEBLAK INSTAN MURAH,3899.0,70.0,5.0
aghniya,Tangerang Selatan,aneka kerupuk mix untuk bahan seblak 1 kg,24999.0,100.0,5.0
SuperSnacksShop,Kab. Bandung,KRUPUK / KERUPUK MENTAH / KERUPUK SEBLAK BINTANG KECIL 5KG,67850.0,20.0,4.8
vieka mart official,Tangerang Selatan,Kerupuk Seblak | Cemilan Pedas | Cemilan Kering 150gr,9256.0,29.0,4.9
kylafood,Bandung,Seblak Mie Baso k.y.l Kylafood,21465.0,4000.0,4.9
Tsamara Ol Shopp,Kab. Bekasi,seblak instan Gacor,7500.0,13.0,5.0
DINAYASHOP,Jakarta Barat,kerupuk mentah seblak,65000.0,17.0,4.0
Asinan Maputri,Tangerang,Snack Seblak jeletot 150 gr,14000.0,9.0,4.8
newtopik,Bandung,SEBLAK INSTAN SEHAT NON MSG,6000.0,100.0,4.8
kemplang Ango,Kab. Bekasi,Makaroni Seblak Basreng Keripik Kaca Capsule Pedas Kelanting Kurma,20000.0,14.0,4.7
gaiagarut,Kab. Garut,"Siomay Cuanki Kering isi 100pcs Toping Baso Aci, Seblak khas Garut",26399.0,500.0,4.9
Pusat Cuankie & Cemilan Frozen,Jakarta Timur,Cuankie Batagor Mini topping baso aci / seblak,9999.0,250.0,4.7
Distributor Cuanki dan Seblak,Kab. Bekasi,Cuanki tahu Gepeng Geprek isi 100 pcs toping seblak baso Aci baso,35000.0,40.0,5.0
hilmandza,Kab. Tangerang,SEBLAK INSTAN,13000.0,23.0,4.8
Yen's Baby & Kid Official Shop,Bandung,Seblak Juara / Seblak Instan Asli Bandung,18500.0,50.0,5.0
CUANKI CULAMETAN,Kab. Garut,cuanki tahu kering seblak atau batagor kering isi 150 pcs,34000.0,80.0,5.0
Seblak Mang Muss,Tasikmalaya,SEBLAK KICIMPRING MANG MUSS,8250.0,750.0,4.8
BarokahJayaSnack,Bandung,Keripik Cireng Seblak Bandung,18000.0,30.0,4.8
CuankiCulametan,Kab. Garut,cuanki siomay mini gurilem 1 ons toping seblak baso aci,3000.0,40.0,5.0
Gerai Snack Official Shop,Kab. Tangerang,Maicih Basreng,15300.0,10000.0,4.8
the Dhecip,Tangerang Selatan,Seblak Instan Pedas Home Made,3500.0,1000.0,4.8
hikmah berkah jaya,Jakarta Barat,seblak instant sajodo snak,19000.0,750.0,4.8
emmoshop,Kab. Bogor,Mommy Seblak Basah Instant 100gr,10000.0,2000.0,4.9
Pusat Cuankie & Cemilan Frozen,Jakarta Timur,SEBLAK INSTANT TERMURAH,3999.0,10000.0,4.8
Berkahrr,Bekasi,seblak mamang Rafael versi kering,12000.0,10.0,0.0
Anggris store,Kab. Bogor,Kerupuk Seblak / Seblak / Kering Pedas /,10000.0,40.0,4.8
Agen Snack Murah,Jakarta Barat,KRUPUK JABLAY PEDAS 500Gram/KRUPUK SEBLAK/SEBLAK KERING/SNACK KILOAN,22999.0,40.0,4.9
BociKakang,Jakarta Selatan,SEBLAK KERING PEDAS DAUN JERUK,4500.0,500.0,4.6
yumnaa snack,Kab. Bekasi,kerupuk seblak kencur / kerupuk seblak kering - 250gram,12000.0,30.0,4.9
the Dhecip,Tangerang Selatan,Seblak Instan Pedas Home Made,3500.0,1000.0,4.8
hikmah berkah jaya,Jakarta Barat,seblak instant sajodo snak,19000.0,750.0,4.8
emmoshop,Kab. Bogor,Mommy Seblak Basah Instant 100gr,10000.0,2000.0,4.9
Pusat Cuankie & Cemilan Frozen,Jakarta Timur,SEBLAK INSTANT TERMURAH,3999.0,10000.0,4.8
Aliya28,Tangerang Selatan,Seblak/Cuanki/Baso aci/Batagor kuah (instan) 1porsi. toping lengkap,7500.0,100.0,5.0
vieka mart official,Tangerang Selatan,Seblak ala Kang Rafael | Seblak Viral | Seblak Cobek,9216.0,250.0,5.0
TokokelontongSejahtera,Jakarta Barat,KERUPUK SEBLAK VIRAL RAFAEL (MENTAH) 250GR,17500.0,28.0,5.0
arzy sembako,Kab. Bogor,kerupuk seblak rafael 500gram,13800.0,30.0,5.0
Toko NRV Plastik dan Bahan Kue,Bandung,Kerupuk Aci Mawar | Kerupuk Mawar Putih | Seblak Rafael Viral | 250gr,7999.0,100.0,5.0
babykhai,Jakarta Timur,seblak rafael / seblak coet / seblak cocol,7500.0,100.0,4.9
the Dhecip,Tangerang Selatan,Seblak Instan Pedas Home Made,3500.0,1000.0,4.8
Baso Aci Ayang,Kab. Garut,Seblak Instan Komplit Pedas Gurih Nikmat,5999.0,2000.0,4.9
BociKakang,Jakarta Selatan,SEBLAK KERING PEDAS DAUN JERUK,4500.0,500.0,4.6
Aydaa Snack,Surakarta,SEBRING KRUPUK KERUPUK SEBLAK KERING PEDAS DAUN JERUK 1KG CABE ASLI,16000.0,40.0,4.9
RIKI STORE 97,Kab. Bogor,Seblak pedas kerupuk pedas kiloan 1 kg,34000.0,70.0,4.8
Seblak Mang Muss,Tasikmalaya,SEBLAK KICIMPRING MANG MUSS,8250.0,750.0,4.8
BarokahJayaSnack,Bandung,Keripik Cireng Seblak Bandung,18000.0,30.0,4.8
Gerai Snack Official Shop,Kab. Tangerang,Bundling 3 - Seblak Bapper - Seblak Basranger - Seblak Terciduk,54000.0,8.0,0.0
CuankiCulametan,Kab. Garut,cuanki siomay mini gurilem 1 ons toping seblak baso aci,3000.0,40.0,5.0
Gerai Snack Official Shop,Kab. Tangerang,Maicih Basreng,15300.0,10000.0,4.8
Yogya Online Supermarket,Bogor,INDOMIE SEBLAK HOT JELETOT 75G (1C=40PCS),3100.0,250.0,4.8
Dapur Sehat21,Kab. Bandung,KERUPUK SEBLAK 250gr / KRUPUK SEBLAK DAUN JERUK / SEBLAK PEDAS,12500.0,100.0,4.9
tokomakmurjaya_68,Tangerang Selatan,seblak ceker pedas (isi 15),11800.0,6.0,4.3
MaFa Jaya,Kab. Bandung,Cuanki Lidah Panjang Asli Garut bahan baku seblak dan baso Aci,170000.0,100.0,4.9
Tukangsayurmbakyu,Tangerang Selatan,Paket seblak sosis untuk 3 porsi,29000.0,8.0,5.0
SuperSnacksShop,Kab. Bandung,KRUPUK / KERUPUK MENTAH / KERUPUK SEBLAK MENTAH 1kg IKAN MERAH,23500.0,100.0,4.7
H Nugraha,Bandung,krupuk seblak bumbu kacang,15500.0,26.0,4.8
Pisang Goreng Madu Bu Nanik,Jakarta Barat,Seblak Kuah Instan Ibro,23000.0,80.0,4.9
Lestarishop24,Banjar,Seblak instan seblak dhero seblak kering cemilan kekkinian,15000.0,500.0,5.0
MamahLowlowShop,Kab. Tangerang,seblak instan murah enak,25000.0,7.0,5.0
The Little Snacks,Tangerang Selatan,Maicih Basreng,20900.0,1000.0,4.8
Gerai Snack Official Shop,Kab. Tangerang,Seblak Bapper Bikin Nagih Parah Extra Mie Kuning 120gr,18300.0,50.0,4.9
The Little Snacks,Tangerang Selatan,"Paket Cemilan Cup Instan Praktis (Batagor, Cuanki, Seblak Basah)",59000.0,250.0,4.9
101_Project,Tangerang,LepLep - Basreng,9500.0,250.0,4.8
Khalisa's Gallery,Kab. Subang,Baper (Basreng Super),10000.0,0.0,0.0
Gerai Snack Official Shop,Kab. Tangerang,Bundling 3 - Seblak Bapper - Seblak Basranger - Seblak Terciduk,54000.0,8.0,0.0
yohangunawan94,Bandung,BATAGOR Seblak 100gr Baso Tahu Goreng Siap Makan,1500.0,70.0,5.0
ArfaOnlineShop,Tangerang,PAKET MIX HEMAT 25 BASO ACI/BOCI/SEBLAK/CUANKI,45000.0,70.0,4.9
LARISSA SNACK STORE,Semarang,CAMILAN SEBLAK PEDAS 250GR JAJANAN OLEH-OLEH SNACK KILOAN CAMILAN KILO,12500.0,100.0,4.8
gaiagarut,Kab. Garut,siomay mini GURILEM EKONOMIS 1KG Toping Baso Aci Cuanki Seblak,25999.0,80.0,5.0
Markas Makaroni,Kab. Bekasi,krupuk seblak hah pedas gurih 1kg,50000.0,250.0,5.0
SIMANALAGI-KOSAMBI-BANDUNG 1,Bandung,KRUPUK KERUPUK SEBLAK PEDAS SYAHRINI,20000.0,30.0,5.0
HaRoZaDaZaSa store,Depok,seblak crispy,13000.0,40.0,4.4
Celikafood,Bandung,Siomay Cuankie Kering Cuangki Baso Bakso Aci Seblak,8000.0,50.0,4.9
CuankiCulametan,Kab. Garut,cuanki tahu pasung isi 50 murah batagor kering toping seblak baso aci,12000.0,100.0,4.9
The Little Snacks,Tangerang Selatan,Tulang Rangu Seblak Baso Aci Soaci Khas Garut Ajib,21900.0,500.0,4.9
Kerupuk Rempah,Bandung,Kerupuk Seblak Rempah Cikur,15000.0,0.0,0.0
KABITHA Snack Ciamis,Kab.Ciamis,seblak kencur,20000.0,0.0,0.0
The Little Snacks,Tangerang Selatan,"Paket Aneka Keripik Baso Goreng Basreng (Maicih, Odjolali, Sangarrr)",57000.0,60.0,4.9
Bang Bana,Kab. Malang,Basreng Pedas Cikruh Seblak Bantet Cikruh Daun Jeruk Kemasan Ekonomis - Basreng Stik,3000.0,250.0,4.9
afif jaya cemilan,Surabaya,kerupuk seblak pedas daun jeruk,9900.0,100.0,4.9
BawangBagus,Tangerang,Kerupuk Orange / Kerupuk Seblak 250gr / Kerupuk Mentah - BawangBagus,7500.0,5.0,0.0
Simshop_,Cimahi,SEBLAK KERING CIKRUH BUMBU KACANG VARIAN CAMPUR,10599.0,27.0,4.7
Distributor Cuanki dan Seblak,Kab. Bekasi,Somay mini Gurilem batagor mini toping seblak baso Aci cuanki 1kg,28500.0,80.0,4.8
iwan resistans leather 2,Kab. Garut,"Seblak kuah instan , Seblak khas garut b",5000.0,500.0,4.9
Toko Toucan,Malang,KERUPUK MAWAR KERUPUK BAWANG BUAT SEBLAK RAFAEL,7500.0,4.0,5.0
RIKI STORE 97,Kab. Bogor,Kerupuk jeblay kiloan 1 kg pedas Kerupuk seblak,35000.0,1.0,0.0
afcbandung,Bandung,BATAGOR MINI Untuk Seblak Krupuk Batagor Kering Mini,14900.0,100.0,4.9
seblak mitoha,Kab. Bandung,"seblak krupuk 5000 ,hot pedas dan gurih - Pedas, 100gr",5000.0,30.0,4.3
Azmi Ngemil yukkk3,Kab. Bandung,seblak kering seblak bantet pedas daun jeruk/ kerupuk putih isi 100gr,5000.0,70.0,4.9
Onesupp Acc,Jakarta Barat,Gurilem Siomay Mini Kering 1KG Toping Seblak Baso Aci BISA COD,49680.0,7.0,5.0
dapurmami id,Tangerang,SEBLAK INSTAN MERCON,3999.0,50.0,4.8
Toko 21 Cempaka Baru,Jakarta Pusat,Kerupuk Jablay BANTET 1 BALL | Krupuk Jablay Seblak Kencur Warna Warni,77000.0,30.0,4.7
Gerai Snack Official Shop,Kab. Tangerang,Seblak Bantat Boboko Pedas Daun Jeruk Level 13 (200gr),15900.0,100.0,4.7
gaiagarut,Kab. Garut,SUKRO CIKUR RENYAH NGEPROS isi 1KG Pelengkap Baso Aci Cuanki Seblak,31999.0,60.0,5.0
dariimyu,Kab. Indramayu,KRUPUK STIK RASA UDANG CAP PADI KAPAS KHAS INDRAMAYU BISA BUAT SEBLAK,17750.0,40.0,5.0
Celikafood,Bandung,Siomay Mini Seblak Kering Kerikil Kuncup Bakso Aci Cuanki Baso,7000.0,70.0,4.9
Ummi Frozen Food Online,Semarang,seblak instan,8500.0,7.0,5.0
AUFARO SNACK,Kab. Bandung Barat,SEBLAK MAWAR KERUPUK KRIWUL PEDAS 500 gr,30000.0,20.0,5.0
mamael official,Depok,Seblak Instan dengan Bumbu Original,12000.0,50.0,5.0
Kedai Alma,Kab. Garut,Seblak Alma Instan,5000.0,250.0,4.9
Grosir Besar Kalimantan,Banjarbaru,BASRENG 1 KG SEBLAK DAUN JERUK PURUT SUPER PEDAS ORIGINAL SUPER RENYAH,51771.0,3.0,0.0
BAKUL_KERUPUK,Kab. Malang,Kerupuk Seblak Bibir Krupuk Bawang Mentah 250 gram,7000.0,10.0,5.0
gaiagarut,Kab. Garut,"Siomay Cuanki Kering isi 150pcs Toping Baso Aci, Seblak khas Garut",36959.0,750.0,4.9
Hokishopsurabaya,Surabaya,✔MURAH Kerupuk Mentah Serba 5000 berat 250gr / Krupuk Seblak,5558.0,100.0,4.8
endafoods,Kab. Bekasi,"GROSIR KERUPUK SEBLAK KENCUR PEDAS 1BAL (2,7kg)",79000.0,60.0,4.8
dina_487,Bandung,populer Makroni Mentah 250 Gram Makaroni Sayur Goreng Seblak Spiral,13000.0,0.0,0.0
Bosmart99,Jakarta Selatan,Seblak instan 1 bungkus makanan kekinian harga grosir murah terjangkau,12000.0,50.0,5.0
Cuanki_Bandung,Kab. Bandung,"Batagor Tahu Kering Mini 50pcs Topping Cuanki, Seblak, Baso, Dll.",6200.0,100.0,4.8
Celikafood,Bandung,Batagor Kering Tahu 1 Bungkus Cuanki Bakso Seblak Baso,6500.0,100.0,5.0
arsensnack,Kab. Bekasi,kerupuk seblak bantet kemasan,5000.0,22.0,4.9
ditysHopR3,Malang,krupuk seblak mawar,8000.0,11.0,5.0
Moenero,Kab. Tangerang,Cemilan Kerupuk Seblak Pedas Cemilan Imon 100Gr,15000.0,13.0,5.0
JajananArkanAnin,Kab. Bogor,Sebring/Seblak Kering Bandung Bumbu Kacang,19000.0,9.0,5.0
Cuanki_Bandung,Kab. Bandung,"Kerupuk Gelung Mentah 200gr Bahan Seblak, Krupuk, Cemilan, Dll.",4000.0,100.0,4.9
LinaRahayuPutriShop,Kab. Bandung,seblak sebul,50000.0,17.0,5.0
GOPEK86,Surabaya,krupuk seblak pedas 1kg,47799.0,3.0,5.0
Warung Snackk,Tangerang,kerupuk seblak pedas/kerupuk jablai 100gram,8000.0,7.0,5.0
PCB3BERKAH,Cirebon,Kerupuk Seblak Pedas Matang 100 gr Bonus Tinggal Pilih,7500.0,3.0,5.0
Tiga putri77,Kab. Bandung,seblak kerupuk kering pedas jeruk isi 500 gram seblak kemplang,25000.0,100.0,4.9
The Little Snacks,Tangerang Selatan,"Paket Aneka Baso Aci Seblak Khas Garut (Boci, Soaci, Geprek)",54000.0,250.0,4.9
Mo_toko,Tangerang Selatan,BOCI GEPREK Baso Aci Varian Geprek Camilan Lokal Instant Food,19750.0,18.0,5.0
the Dhecip,Tangerang Selatan,Seblak Instan Pedas Home Made,3500.0,1000.0,4.8
hikmah berkah jaya,Jakarta Barat,seblak instant sajodo snak,19000.0,750.0,4.8
emmoshop,Kab. Bogor,Mommy Seblak Basah Instant 100gr,10000.0,2000.0,4.9
Pusat Cuankie & Cemilan Frozen,Jakarta Timur,SEBLAK INSTANT TERMURAH,3999.0,10000.0,4.8
Berkahrr,Bekasi,seblak mamang Rafael versi kering,12000.0,10.0,0.0
Anggris store,Kab. Bogor,Kerupuk Seblak / Seblak / Kering Pedas /,10000.0,40.0,4.8
Agen Snack Murah,Jakarta Barat,KRUPUK JABLAY PEDAS 500Gram/KRUPUK SEBLAK/SEBLAK KERING/SNACK KILOAN,22999.0,40.0,4.9
BociKakang,Jakarta Selatan,SEBLAK KERING PEDAS DAUN JERUK,4500.0,500.0,4.6
yumnaa snack,Kab. Bekasi,kerupuk seblak kencur / kerupuk seblak kering - 250gram,12000.0,30.0,4.9
the Dhecip,Tangerang Selatan,Seblak Instan Pedas Home Made,3500.0,1000.0,4.8
hikmah berkah jaya,Jakarta Barat,seblak instant sajodo snak,19000.0,750.0,4.8
emmoshop,Kab. Bogor,Mommy Seblak Basah Instant 100gr,10000.0,2000.0,4.9
Pusat Cuankie & Cemilan Frozen,Jakarta Timur,SEBLAK INSTANT TERMURAH,3999.0,10000.0,4.8
Aliya28,Tangerang Selatan,Seblak/Cuanki/Baso aci/Batagor kuah (instan) 1porsi. toping lengkap,7500.0,100.0,5.0
vieka mart official,Tangerang Selatan,Seblak ala Kang Rafael | Seblak Viral | Seblak Cobek,9216.0,250.0,5.0
TokokelontongSejahtera,Jakarta Barat,KERUPUK SEBLAK VIRAL RAFAEL (MENTAH) 250GR,17500.0,28.0,5.0
arzy sembako,Kab. Bogor,kerupuk seblak rafael 500gram,13800.0,30.0,5.0
Toko NRV Plastik dan Bahan Kue,Bandung,Kerupuk Aci Mawar | Kerupuk Mawar Putih | Seblak Rafael Viral | 250gr,7999.0,100.0,5.0
babykhai,Jakarta Timur,seblak rafael / seblak coet / seblak cocol,7500.0,100.0,4.9
the Dhecip,Tangerang Selatan,Seblak Instan Pedas Home Made,3500.0,1000.0,4.8
Baso Aci Ayang,Kab. Garut,Seblak Instan Komplit Pedas Gurih Nikmat,5999.0,2000.0,4.9
BociKakang,Jakarta Selatan,SEBLAK KERING PEDAS DAUN JERUK,4500.0,500.0,4.6
Aydaa Snack,Surakarta,SEBRING KRUPUK KERUPUK SEBLAK KERING PEDAS DAUN JERUK 1KG CABE ASLI,16000.0,40.0,4.9
RIKI STORE 97,Kab. Bogor,Seblak pedas kerupuk pedas kiloan 1 kg,34000.0,70.0,4.8
